,A,C,D,E,F,G,H,I,K,L,M,N,P,Q,R,S,T,V,W,Y
0,0.2,0,0,0,0.2,0.2,0,0,0.2,0,0,0,0,0,0,0,0,0.2,0,0
1,0,0,0,0,0,0.25,0,0,0,0.125,0,0,0.125,0.5,0,0,0,0,0,0
2,0,0,0,0.166666667,0.166666667,0,0,0,0,0.166666667,0,0,0.166666667,0,0,0,0,0,0,0.333333333
3,0,0,0,0.2,0.2,0,0,0,0,0.2,0,0,0.2,0,0,0,0,0,0,0.2
4,0,0,0,0.25,0,0,0,0,0,0.25,0,0,0.25,0,0,0,0,0,0,0.25
5,0,0,0,0,0,0,0,0,0,0.1,0.3,0,0,0,0,0.3,0.1,0,0.1,0.1
6,0,0,0,0.066666667,0.066666667,0,0.133333333,0,0.066666667,0.2,0,0,0,0,0.2,0.2,0,0,0.066666667,0
7,0.125,0,0.125,0.125,0,0,0.25,0,0,0,0,0,0.25,0,0,0.125,0,0,0,0
8,0.142857143,0,0.142857143,0.142857143,0,0,0.285714286,0,0,0,0,0,0.142857143,0,0,0.142857143,0,0,0,0
9,0,0,0.285714286,0.142857143,0,0,0.285714286,0,0,0,0,0,0.142857143,0,0,0,0,0.142857143,0,0
10,0.25,0,0,0,0,0.25,0,0,0,0,0,0,0.25,0,0,0,0,0,0,0.25
11,0.166666667,0,0.166666667,0,0,0,0.333333333,0,0,0,0,0,0.166666667,0,0,0.166666667,0,0,0,0
12,0,0,0.25,0,0,0,0,0,0,0,0,0,0.25,0,0,0,0,0.25,0,0.25
13,0,0,0,0,0,0.333333333,0,0,0,0.111111111,0,0,0.111111111,0.444444444,0,0,0,0,0,0
14,0.111111111,0,0,0.222222222,0,0,0,0.111111111,0,0.111111111,0,0,0.111111111,0,0.111111111,0,0,0,0,0.222222222
15,0.272727273,0,0.090909091,0,0,0,0,0.090909091,0,0.090909091,0.090909091,0,0,0,0,0.181818182,0,0,0.090909091,0.090909091
16,0.1,0,0,0,0.2,0.2,0,0,0.1,0,0,0,0.2,0,0,0,0,0.2,0,0
17,0,0,0,0,0,0,0.166666667,0,0,0.5,0,0,0.333333333,0,0,0,0,0,0,0
18,0,0,0,0,0,0,0,0,0,0,0,0,0.666666667,0.333333333,0,0,0,0,0,0
19,0,0,0,0,0.1,0.2,0,0.2,0,0,0,0,0.3,0,0.1,0,0,0.1,0,0
20,0.0625,0,0,0,0,0,0,0.125,0.0625,0.0625,0,0,0.125,0.0625,0.0625,0.125,0,0.0625,0,0.25
21,0,0,0,0,0,0,0,0.285714286,0,0.142857143,0,0,0.142857143,0.142857143,0,0,0,0.142857143,0,0.142857143
22,0.111111111,0,0.111111111,0,0.111111111,0.222222222,0,0,0,0.111111111,0,0,0.111111111,0,0,0.111111111,0,0.111111111,0,0
23,0,0,0,0,0,0.285714286,0.142857143,0,0,0.285714286,0,0,0.285714286,0,0,0,0,0,0,0
24,0.153846154,0,0.076923077,0.076923077,0.076923077,0.230769231,0,0,0,0.230769231,0,0.153846154,0,0,0,0,0,0,0,0
25,0,0,0.222222222,0,0,0.222222222,0,0,0,0.222222222,0,0.222222222,0,0,0,0,0,0.111111111,0,0
26,0.214285714,0,0,0,0.071428571,0.071428571,0,0,0.071428571,0.071428571,0,0.071428571,0,0.142857143,0,0.071428571,0.071428571,0.071428571,0.071428571,0
27,0.142857143,0.071428571,0.071428571,0.071428571,0,0.071428571,0,0,0,0.071428571,0,0,0.142857143,0.071428571,0,0,0,0.285714286,0,0
28,0.0625,0.0625,0.0625,0.125,0.0625,0,0.0625,0,0,0,0,0.0625,0.1875,0,0.0625,0.0625,0.125,0.0625,0,0
29,0,0,0,0.125,0.125,0,0,0,0.125,0,0,0,0.25,0,0,0.125,0,0.125,0,0.125
30,0,0,0.076923077,0.307692308,0,0,0,0,0.153846154,0.307692308,0,0,0,0.153846154,0,0,0,0,0,0
31,0,0.2,0,0.2,0,0.2,0,0,0,0,0,0,0,0,0,0,0,0.2,0,0.2
32,0,0.166666667,0,0,0,0.166666667,0,0,0,0,0,0.166666667,0.166666667,0,0.166666667,0,0,0,0,0.166666667
33,0,0,0,0,0.166666667,0,0,0,0,0,0,0.166666667,0.333333333,0.166666667,0.166666667,0,0,0,0,0
34,0,0.083333333,0,0.583333333,0,0.083333333,0,0,0,0.25,0,0,0,0,0,0,0,0,0,0
35,0.5,0,0,0,0,0,0,0,0,0,0,0,0,0,0,0,0,0,0,0.5
36,0,0.25,0,0,0,0,0.25,0,0,0.25,0.25,0,0,0,0,0,0,0,0,0
37,0.222222222,0,0,0.111111111,0,0,0,0,0.111111111,0.111111111,0,0,0.111111111,0,0,0.111111111,0.111111111,0,0,0.111111111
38,0,0,0.142857143,0,0,0,0,0,0,0,0.285714286,0,0.142857143,0,0,0,0.142857143,0.142857143,0,0.142857143
39,0,0,0.142857143,0.142857143,0.142857143,0,0.142857143,0,0.285714286,0,0,0,0,0,0.142857143,0,0,0,0,0
40,0,0,0.125,0.125,0.125,0.125,0.125,0,0.125,0,0,0.125,0,0,0.125,0,0,0,0,0
41,0,0,0,0,0,0,0,0,0,0.25,0,0,0.25,0,0,0,0,0,0,0.5
42,0,0,0,0,0,0,0,0,0,0.25,0,0,0.25,0,0,0,0,0,0,0.5
43,0,0,0,0,0,0,0,0,0,0.25,0,0,0.25,0,0,0,0,0,0,0.5
44,0,0,0,0,0,0,0,0,0,0,0,0,0.333333333,0,0,0,0,0,0,0.666666667
45,0.333333333,0,0,0,0,0,0.333333333,0,0,0.333333333,0,0,0,0,0,0,0,0,0,0
46,0,0,0.333333333,0,0,0,0.333333333,0,0,0.333333333,0,0,0,0,0,0,0,0,0,0
47,0,0,0,0.333333333,0,0,0.333333333,0,0,0.333333333,0,0,0,0,0,0,0,0,0,0
48,0,0,0,0,0.333333333,0,0.333333333,0,0,0.333333333,0,0,0,0,0,0,0,0,0,0
49,0,0,0,0,0,0.333333333,0.333333333,0,0,0.333333333,0,0,0,0,0,0,0,0,0,0
50,0,0,0,0,0,0,0.333333333,0.333333333,0,0.333333333,0,0,0,0,0,0,0,0,0,0
51,0,0,0,0,0,0,0.333333333,0,0.333333333,0.333333333,0,0,0,0,0,0,0,0,0,0
52,0,0,0,0,0,0,0.333333333,0,0,0.666666667,0,0,0,0,0,0,0,0,0,0
53,0,0,0,0,0,0,0.333333333,0,0,0.333333333,0.333333333,0,0,0,0,0,0,0,0,0
54,0,0,0,0,0,0,0.333333333,0,0,0.333333333,0,0.333333333,0,0,0,0,0,0,0,0
55,0,0,0,0,0,0,0.333333333,0,0,0.333333333,0,0,0,0.333333333,0,0,0,0,0,0
56,0,0,0,0,0,0,0.333333333,0,0,0.333333333,0,0,0,0,0.333333333,0,0,0,0,0
57,0,0,0,0,0,0,0.333333333,0,0,0.333333333,0,0,0,0,0,0.333333333,0,0,0,0
58,0,0,0,0,0,0,0.333333333,0,0,0.333333333,0,0,0,0,0,0,0.333333333,0,0,0
59,0,0,0,0,0,0,0.333333333,0,0,0.333333333,0,0,0,0,0,0,0,0.333333333,0,0
60,0,0,0,0,0,0,0.333333333,0,0,0.333333333,0,0,0,0,0,0,0,0,0.333333333,0
61,0,0,0,0,0,0,0.333333333,0,0,0.333333333,0,0,0,0,0,0,0,0,0,0.333333333
62,0.333333333,0,0,0,0,0,0,0,0,0.333333333,0,0,0,0,0,0,0,0,0.333333333,0
63,0,0,0.333333333,0,0,0,0,0,0,0.333333333,0,0,0,0,0,0,0,0,0.333333333,0
64,0,0,0,0.333333333,0,0,0,0,0,0.333333333,0,0,0,0,0,0,0,0,0.333333333,0
65,0,0,0,0,0.333333333,0,0,0,0,0.333333333,0,0,0,0,0,0,0,0,0.333333333,0
66,0,0,0,0,0,0.333333333,0,0,0,0.333333333,0,0,0,0,0,0,0,0,0.333333333,0
67,0,0,0,0,0,0,0.333333333,0,0,0.333333333,0,0,0,0,0,0,0,0,0.333333333,0
68,0,0,0,0,0,0,0,0.333333333,0,0.333333333,0,0,0,0,0,0,0,0,0.333333333,0
69,0,0,0,0,0,0,0,0,0.333333333,0.333333333,0,0,0,0,0,0,0,0,0.333333333,0
70,0,0,0,0,0,0,0,0,0,0.333333333,0.333333333,0,0,0,0,0,0,0,0.333333333,0
71,0,0,0,0,0,0,0,0,0,0.333333333,0,0.333333333,0,0,0,0,0,0,0.333333333,0
72,0,0,0,0,0,0,0,0,0,0.333333333,0,0,0,0.333333333,0,0,0,0,0.333333333,0
73,0,0,0,0,0,0,0,0,0,0.333333333,0,0,0,0,0.333333333,0,0,0,0.333333333,0
74,0,0,0,0,0,0,0,0,0,0.333333333,0,0,0,0,0,0.333333333,0,0,0.333333333,0
75,0,0,0,0,0,0,0,0,0,0.333333333,0,0,0,0,0,0,0.333333333,0,0.333333333,0
76,0,0,0,0,0,0,0,0,0,0.333333333,0,0,0,0,0,0,0,0.333333333,0.333333333,0
77,0,0,0,0,0,0,0,0,0,0.333333333,0,0,0,0,0,0,0,0,0.666666667,0
78,0,0,0,0,0,0,0,0,0,0.333333333,0,0,0,0,0,0,0,0,0.333333333,0.333333333
79,0.333333333,0,0,0,0,0,0.333333333,0,0,0,0,0,0.333333333,0,0,0,0,0,0,0
80,0,0,0.333333333,0,0,0,0.333333333,0,0,0,0,0,0.333333333,0,0,0,0,0,0,0
81,0,0,0,0.333333333,0,0,0.333333333,0,0,0,0,0,0.333333333,0,0,0,0,0,0,0
82,0,0,0,0,0.333333333,0,0.333333333,0,0,0,0,0,0.333333333,0,0,0,0,0,0,0
83,0,0,0,0,0,0.333333333,0.333333333,0,0,0,0,0,0.333333333,0,0,0,0,0,0,0
84,0,0,0,0,0,0,0.333333333,0.333333333,0,0,0,0,0.333333333,0,0,0,0,0,0,0
85,0,0,0,0,0,0,0.333333333,0,0.333333333,0,0,0,0.333333333,0,0,0,0,0,0,0
86,0,0,0,0,0,0,0.333333333,0,0,0.333333333,0,0,0.333333333,0,0,0,0,0,0,0
87,0,0,0,0,0,0,0.333333333,0,0,0,0.333333333,0,0.333333333,0,0,0,0,0,0,0
88,0,0,0,0,0,0,0.333333333,0,0,0,0,0.333333333,0.333333333,0,0,0,0,0,0,0
89,0,0,0,0,0,0,0.333333333,0,0,0,0,0,0.333333333,0.333333333,0,0,0,0,0,0
90,0,0,0,0,0,0,0.333333333,0,0,0,0,0,0.333333333,0,0.333333333,0,0,0,0,0
91,0,0,0,0,0,0,0.333333333,0,0,0,0,0,0.333333333,0,0,0.333333333,0,0,0,0
92,0,0,0,0,0,0,0.333333333,0,0,0,0,0,0.333333333,0,0,0,0.333333333,0,0,0
93,0,0,0,0,0,0,0.333333333,0,0,0,0,0,0.333333333,0,0,0,0,0.333333333,0,0
94,0,0,0,0,0,0,0.333333333,0,0,0,0,0,0.333333333,0,0,0,0,0,0.333333333,0
95,0,0,0,0,0,0,0.333333333,0,0,0,0,0,0.333333333,0,0,0,0,0,0,0.333333333
96,0.333333333,0,0,0,0,0,0,0,0,0,0,0,0.333333333,0,0,0,0,0,0.333333333,0
97,0,0,0.333333333,0,0,0,0,0,0,0,0,0,0.333333333,0,0,0,0,0,0.333333333,0
98,0,0,0,0.333333333,0,0,0,0,0,0,0,0,0.333333333,0,0,0,0,0,0.333333333,0
99,0,0,0,0,0.333333333,0,0,0,0,0,0,0,0.333333333,0,0,0,0,0,0.333333333,0
100,0,0,0,0,0,0.333333333,0,0,0,0,0,0,0.333333333,0,0,0,0,0,0.333333333,0
101,0,0,0,0,0,0,0.333333333,0,0,0,0,0,0.333333333,0,0,0,0,0,0.333333333,0
102,0,0,0,0,0,0,0,0.333333333,0,0,0,0,0.333333333,0,0,0,0,0,0.333333333,0
103,0,0,0,0,0,0,0,0,0,0.333333333,0,0,0.333333333,0,0,0,0,0,0.333333333,0
104,0,0,0,0,0,0,0,0,0,0,0,0.333333333,0.333333333,0,0,0,0,0,0.333333333,0
105,0,0,0,0,0,0,0,0,0,0,0,0,0.333333333,0.333333333,0,0,0,0,0.333333333,0
106,0,0,0,0,0,0,0,0,0,0,0,0,0.333333333,0,0.333333333,0,0,0,0.333333333,0
107,0,0,0,0,0,0,0,0,0,0,0,0,0.333333333,0,0,0.333333333,0,0,0.333333333,0
108,0,0,0,0,0,0,0,0,0,0,0,0,0.333333333,0,0,0,0.333333333,0,0.333333333,0
109,0,0,0,0,0,0,0,0,0,0,0,0,0.333333333,0,0,0,0,0.333333333,0.333333333,0
110,0,0,0,0,0,0,0,0,0,0,0,0,0.333333333,0,0,0,0,0,0.666666667,0
111,0,0,0,0,0,0,0,0,0,0,0,0,0.333333333,0,0,0,0,0,0.333333333,0.333333333
112,0.333333333,0,0,0,0,0,0.333333333,0,0,0,0,0,0,0,0.333333333,0,0,0,0,0
113,0,0,0.333333333,0,0,0,0.333333333,0,0,0,0,0,0,0,0.333333333,0,0,0,0,0
114,0,0,0,0.333333333,0,0,0.333333333,0,0,0,0,0,0,0,0.333333333,0,0,0,0,0
115,0,0,0,0,0.333333333,0,0.333333333,0,0,0,0,0,0,0,0.333333333,0,0,0,0,0
116,0,0,0,0,0,0.333333333,0.333333333,0,0,0,0,0,0,0,0.333333333,0,0,0,0,0
117,0,0,0,0,0,0,0.666666667,0,0,0,0,0,0,0,0.333333333,0,0,0,0,0
118,0,0,0,0,0,0,0.333333333,0.333333333,0,0,0,0,0,0,0.333333333,0,0,0,0,0
119,0,0,0,0,0,0,0.333333333,0,0.333333333,0,0,0,0,0,0.333333333,0,0,0,0,0
120,0,0,0,0,0,0,0.333333333,0,0,0.333333333,0,0,0,0,0.333333333,0,0,0,0,0
121,0,0,0,0,0,0,0.333333333,0,0,0,0.333333333,0,0,0,0.333333333,0,0,0,0,0
122,0,0,0,0,0,0,0.333333333,0,0,0,0,0.333333333,0,0,0.333333333,0,0,0,0,0
123,0,0,0,0,0,0,0.333333333,0,0,0,0,0,0,0.333333333,0.333333333,0,0,0,0,0
124,0,0,0,0,0,0,0.333333333,0,0,0,0,0,0,0,0.333333333,0.333333333,0,0,0,0
125,0,0,0,0,0,0,0.333333333,0,0,0,0,0,0,0,0.333333333,0,0.333333333,0,0,0
126,0,0,0,0,0,0,0.333333333,0,0,0,0,0,0,0,0.333333333,0,0,0.333333333,0,0
127,0,0,0,0,0,0,0.333333333,0,0,0,0,0,0,0,0.333333333,0,0,0,0.333333333,0
128,0,0,0,0,0,0,0.333333333,0,0,0,0,0,0,0,0.333333333,0,0,0,0,0.333333333
129,0,0,0,0.333333333,0,0,0,0,0,0,0,0,0,0,0.333333333,0,0,0,0.333333333,0
130,0,0,0,0,0,0.333333333,0,0,0,0,0,0,0,0,0.333333333,0,0,0,0.333333333,0
131,0,0,0,0,0,0,0.333333333,0,0,0,0,0,0,0,0.333333333,0,0,0,0.333333333,0
132,0,0,0,0,0,0,0,0,0,0.333333333,0,0,0,0,0.333333333,0,0,0,0.333333333,0
133,0,0,0,0,0,0,0,0,0,0,0,0.333333333,0,0,0.333333333,0,0,0,0.333333333,0
134,0,0,0,0,0,0,0,0,0,0,0,0,0,0,0.666666667,0,0,0,0.333333333,0
135,0,0,0,0,0,0,0,0,0,0,0,0,0,0,0.333333333,0,0,0,0.666666667,0
136,0,0,0,0,0,0,0,0,0,0,0,0,0,0.333333333,0.333333333,0,0,0,0.333333333,0
137,0,0,0,0,0,0,0,0,0,0,0,0,0,0,0.333333333,0,0,0,0.333333333,0.333333333
138,0,0,0,0.333333333,0,0,0.666666667,0,0,0,0,0,0,0,0,0,0,0,0,0
139,0,0,0.333333333,0,0,0,0.666666667,0,0,0,0,0,0,0,0,0,0,0,0,0
140,0.333333333,0,0,0,0,0,0.666666667,0,0,0,0,0,0,0,0,0,0,0,0,0
141,0,0,0,0,0,0,0.666666667,0.333333333,0,0,0,0,0,0,0,0,0,0,0,0
142,0,0,0,0,0.333333333,0,0.666666667,0,0,0,0,0,0,0,0,0,0,0,0,0
143,0,0,0,0,0,0,0.666666667,0,0,0,0,0,0,0,0,0,0,0,0.333333333,0
144,0,0,0,0,0,0,0.666666667,0,0,0,0,0,0,0,0,0,0,0,0,0.333333333
145,0,0,0,0,0,0,0.666666667,0,0,0,0,0,0,0,0,0,0,0,0,0.333333333
146,0,0,0,0,0.333333333,0,0.666666667,0,0,0,0,0,0,0,0,0,0,0,0,0
147,0,0,0,0,0,0,0.666666667,0,0,0,0,0,0,0,0,0,0,0,0.333333333,0
148,0,0,0,0,0.333333333,0,0.666666667,0,0,0,0,0,0,0,0,0,0,0,0,0
149,0,0,0,0,0,0,0.666666667,0,0,0,0,0,0,0,0,0,0,0,0.333333333,0
150,0,0,0,0,0,0,0.666666667,0,0,0,0,0,0,0,0,0,0,0,0,0.333333333
151,0,0,0,0,0,0.333333333,0.666666667,0,0,0,0,0,0,0,0,0,0,0,0,0
152,0,0,0,0,0,0,0.666666667,0,0,0,0,0.333333333,0,0,0,0,0,0,0,0
153,0,0,0,0,0,0,0.666666667,0,0,0,0,0,0,0.333333333,0,0,0,0,0,0
154,0,0,0,0,0,0,0.666666667,0,0,0,0.333333333,0,0,0,0,0,0,0,0,0
155,0,0,0,0,0,0,0.666666667,0,0,0,0,0,0,0,0,0.333333333,0,0,0,0
156,0,0,0,0,0,0,0.666666667,0,0,0,0,0,0,0,0,0,0.333333333,0,0,0
157,0,0,0.333333333,0,0,0,0,0,0,0,0,0,0,0,0,0,0,0,0,0.666666667
158,0,0,0,0.333333333,0,0,0,0,0,0,0,0,0,0,0,0,0,0,0,0.666666667
159,0,0,0.333333333,0,0,0,0,0,0,0,0,0,0,0,0,0,0,0,0,0.666666667
160,0,0,0,0.333333333,0,0,0,0,0,0,0,0,0,0,0,0,0,0,0,0.666666667
161,0,0,0.333333333,0,0,0,0,0,0,0,0,0,0,0,0,0,0,0,0,0.666666667
162,0,0,0,0.333333333,0,0,0,0,0,0,0,0,0,0,0,0,0,0,0,0.666666667
163,0,0,0,0,0,0,0.333333333,0,0,0,0,0,0,0,0,0,0,0,0,0.666666667
164,0,0,0,0,0,0,0,0,0.333333333,0,0,0,0,0,0,0,0,0,0,0.666666667
165,0,0,0,0,0,0,0,0,0,0,0,0,0,0,0.333333333,0,0,0,0,0.666666667
166,0,0,0,0,0,0,0.333333333,0,0,0,0,0,0,0,0,0,0,0,0,0.666666667
167,0,0,0,0,0,0,0,0,0.333333333,0,0,0,0,0,0,0,0,0,0,0.666666667
168,0,0,0,0,0,0,0,0,0,0,0,0,0,0,0.333333333,0,0,0,0,0.666666667
169,0,0,0,0,0,0,0,0,0,0,0,0,0,0,0.333333333,0,0,0,0,0.666666667
170,0,0,0,0,0,0,0.333333333,0,0,0,0,0,0,0,0,0,0,0,0,0.666666667
171,0,0,0,0,0,0,0,0,0.333333333,0,0,0,0,0,0,0,0,0,0,0.666666667
172,0.333333333,0,0,0,0,0,0,0,0,0,0,0,0,0,0,0,0,0,0,0.666666667
173,0,0,0,0,0,0,0,0.333333333,0,0,0,0,0,0,0,0,0,0,0,0.666666667
174,0,0,0,0,0,0,0,0,0,0.333333333,0,0,0,0,0,0,0,0,0,0.666666667
175,0,0,0,0,0,0,0,0,0,0,0,0,0,0,0,0,0,0.333333333,0,0.666666667
176,0.333333333,0,0,0,0,0,0,0,0,0,0,0,0,0,0,0,0,0,0,0.666666667
177,0,0,0,0,0,0,0,0.333333333,0,0,0,0,0,0,0,0,0,0,0,0.666666667
178,0,0,0,0,0,0,0,0,0,0.333333333,0,0,0,0,0,0,0,0,0,0.666666667
179,0,0,0,0,0,0,0,0,0,0,0,0,0,0,0,0,0,0.333333333,0,0.666666667
180,0.333333333,0,0,0,0,0,0,0,0,0,0,0,0,0,0,0,0,0,0,0.666666667
181,0,0,0,0,0,0,0,0.333333333,0,0,0,0,0,0,0,0,0,0,0,0.666666667
182,0,0,0,0,0,0,0,0,0,0.333333333,0,0,0,0,0,0,0,0,0,0.666666667
183,0,0,0,0,0,0,0,0,0,0,0,0,0,0,0,0,0,0.333333333,0,0.666666667
184,0,0,0,0,0,0,0,0,0,0,0,0,0,0,0,0,0,0,0.333333333,0.666666667
185,0,0,0,0,0,0,0,0,0,0,0,0,0,0,0,0,0,0,0,1
186,0,0,0,0,0.333333333,0,0,0,0,0,0,0,0,0,0,0,0,0,0,0.666666667
187,0,0,0,0,0,0,0,0,0,0,0,0,0,0,0,0,0,0,0.333333333,0.666666667
188,0,0,0,0,0.333333333,0,0,0,0,0,0,0,0,0,0,0,0,0,0,0.666666667
189,0,0,0,0,0,0,0,0,0,0,0,0,0,0,0,0,0,0,0.333333333,0.666666667
190,0,0,0,0,0,0.333333333,0,0,0,0,0,0,0,0,0,0,0,0,0,0.666666667
191,0,0,0,0,0,0,0,0,0,0,0,0.333333333,0,0,0,0,0,0,0,0.666666667
192,0,0,0,0,0,0,0,0,0,0,0,0,0,0.333333333,0,0,0,0,0,0.666666667
193,0,0,0,0,0,0.333333333,0,0,0,0,0,0,0,0,0,0,0,0,0,0.666666667
194,0,0,0,0,0,0,0,0,0,0,0,0.333333333,0,0,0,0,0,0,0,0.666666667
195,0,0,0,0,0,0,0,0,0,0,0,0,0,0.333333333,0,0,0,0,0,0.666666667
196,0,0,0,0,0,0.333333333,0,0,0,0,0,0,0,0,0,0,0,0,0,0.666666667
197,0,0,0,0,0,0,0,0,0,0,0,0.333333333,0,0,0,0,0,0,0,0.666666667
198,0,0,0,0,0,0,0,0,0,0,0,0,0,0.333333333,0,0,0,0,0,0.666666667
199,0,0,0,0,0,0,0,0,0,0,0.333333333,0,0,0,0,0,0,0,0,0.666666667
200,0,0,0,0,0,0,0,0,0,0,0.333333333,0,0,0,0,0,0,0,0,0.666666667
201,0,0,0,0,0,0,0,0,0,0,0.333333333,0,0,0,0,0,0,0,0,0.666666667
202,0,0,0,0,0,0,0,0,0,0,0,0,0,0,0,0.333333333,0,0,0,0.666666667
203,0,0,0,0,0,0,0,0,0,0,0,0,0,0,0,0,0.333333333,0,0,0.666666667
204,0,0,0,0,0,0,0,0,0,0,0,0,0,0,0,0.333333333,0,0,0,0.666666667
205,0,0,0,0,0,0,0,0,0,0,0,0,0,0,0,0,0.333333333,0,0,0.666666667
206,0,0,0,0,0,0,0,0,0,0,0,0,0,0,0,0.333333333,0,0,0,0.666666667
207,0,0,0,0,0,0,0,0,0,0,0,0,0,0,0,0,0.333333333,0,0,0.666666667
208,0,0.333333333,0,0,0,0,0,0,0,0,0,0,0,0,0,0,0,0,0,0.666666667
209,0,0,0,0,0.2,0.2,0,0,0,0,0,0,0.4,0,0,0,0,0,0,0.2
210,0,0,0,0,0.222222222,0.111111111,0,0,0,0,0,0,0.333333333,0,0.222222222,0.111111111,0,0,0,0
211,0,0,0,0,0.071428571,0,0.142857143,0.071428571,0,0.142857143,0,0.071428571,0.071428571,0,0.071428571,0.071428571,0,0.142857143,0,0.142857143
212,0,0,0,0.04,0.12,0.08,0.04,0,0.12,0.08,0.04,0.04,0.12,0.04,0,0.04,0.04,0.12,0,0.08
213,0,0,0.2,0.1,0.1,0,0,0,0,0.1,0,0,0.3,0,0.1,0,0,0,0,0.1
214,0,0,0,0,0,0.166666667,0.166666667,0,0,0.166666667,0,0,0.166666667,0,0,0.166666667,0,0,0,0.166666667
215,0.1,0,0.1,0.1,0,0,0.2,0,0,0,0,0,0.2,0,0,0.1,0,0.1,0,0.1
216,0,0,0.285714286,0.142857143,0,0,0.285714286,0,0,0,0,0,0.142857143,0,0,0.142857143,0,0,0,0
217,0,0,0.25,0,0,0,0.25,0,0,0,0,0,0,0,0,0,0,0.25,0,0.25
218,0,0,0,0.333333333,0,0.666666667,0,0,0,0,0,0,0,0,0,0,0,0,0,0
219,0.333333333,0,0,0,0,0.333333333,0.333333333,0,0,0,0,0,0,0,0,0,0,0,0,0
220,0.5,0,0,0,0,0.25,0,0,0,0,0,0,0,0,0,0,0,0,0.25,0
221,0,0,0,0,0,0,0.25,0,0,0.25,0,0,0.25,0,0,0,0,0,0,0.25
222,0.5,0,0,0,0,0.166666667,0.166666667,0,0,0.166666667,0,0,0,0,0,0,0,0,0,0
223,0.153846154,0,0.153846154,0.076923077,0.076923077,0,0,0,0,0.076923077,0.076923077,0,0.307692308,0,0,0,0.076923077,0,0,0
224,0.25,0.25,0,0,0.25,0,0,0,0,0.25,0,0,0,0,0,0,0,0,0,0
225,0,0,0.125,0,0.25,0,0.125,0,0,0.25,0,0.125,0,0,0,0,0,0.125,0,0
226,0,0,0,0.2,0,0.2,0,0,0.2,0,0,0,0.2,0,0,0,0,0,0.2,0
227,0,0,0,0,0,0.333333333,0,0,0,0,0,0,0.666666667,0,0,0,0,0,0,0
228,0,0,0,0,0,0.6,0,0,0,0.2,0,0,0,0,0,0.2,0,0,0,0
229,0,0,0,0,0.166666667,0.5,0,0.166666667,0,0,0,0,0.166666667,0,0,0,0,0,0,0
230,0,0,0,0,0.25,0.25,0,0.25,0,0,0,0,0.25,0,0,0,0,0,0,0
231,0,0,0.166666667,0,0,0,0.166666667,0,0,0,0,0.166666667,0,0,0.333333333,0,0,0,0,0.166666667
232,0.2,0.1,0,0,0.1,0.2,0.1,0,0,0,0,0.1,0,0,0.2,0,0,0,0,0
233,0.142857143,0,0,0.142857143,0,0,0,0,0.285714286,0,0.142857143,0,0.142857143,0,0,0,0,0.142857143,0,0
234,0,0,0,0,0,0,0,0,0.142857143,0.142857143,0,0,0.285714286,0.142857143,0,0,0,0.285714286,0,0
235,0,0,0,0,0,0,0.2,0.2,0,0.2,0.2,0,0,0,0.2,0,0,0,0,0
236,0,0,0,0.4,0,0,0,0,0,0.2,0,0,0,0,0,0,0,0.2,0,0.2
237,0.166666667,0,0,0,0,0.333333333,0,0,0,0,0,0,0,0,0,0,0.166666667,0,0,0.333333333
238,0,0,0,0.166666667,0,0.166666667,0,0.166666667,0,0.166666667,0,0,0,0,0,0.166666667,0,0,0.166666667,0
239,0.2,0,0,0.1,0,0.2,0,0,0,0,0,0,0,0.1,0,0,0,0.3,0,0.1
240,0,0,0,0.2,0,0.333333333,0.133333333,0,0,0.066666667,0,0,0.066666667,0,0.066666667,0.066666667,0,0,0,0.066666667
241,0.052631579,0,0.157894737,0.052631579,0,0.105263158,0.105263158,0.052631579,0.052631579,0.052631579,0,0,0.052631579,0,0,0.052631579,0,0.157894737,0,0.105263158
242,0,0,0.071428571,0.214285714,0.142857143,0.142857143,0,0,0,0,0,0,0.142857143,0,0.071428571,0.071428571,0,0.071428571,0,0.071428571
243,0,0,0,0.045454545,0.045454545,0.090909091,0.045454545,0.045454545,0.136363636,0.090909091,0,0.090909091,0.090909091,0,0,0.181818182,0.045454545,0,0.045454545,0.045454545
244,0.166666667,0,0,0,0,0.166666667,0,0,0,0.166666667,0.166666667,0.166666667,0,0,0,0,0,0,0,0.166666667
245,0.166666667,0,0,0,0,0,0,0.083333333,0.083333333,0.083333333,0,0.166666667,0.083333333,0,0.083333333,0,0.166666667,0,0,0.083333333
246,0,0,0.090909091,0,0,0.181818182,0,0.090909091,0,0.090909091,0.090909091,0,0.090909091,0,0.090909091,0,0.090909091,0.090909091,0,0.090909091
247,0.0625,0,0,0.25,0,0.125,0,0.0625,0,0.0625,0,0,0,0.125,0.125,0,0.0625,0.0625,0,0.0625
248,0.2,0,0,0,0.1,0.1,0,0.1,0,0,0,0.1,0.1,0,0,0,0.1,0.1,0,0.1
249,0.166666667,0,0.166666667,0.111111111,0.055555556,0,0.111111111,0.055555556,0,0.055555556,0,0,0,0,0.111111111,0.055555556,0,0.055555556,0,0.055555556
250,0.083333333,0,0,0,0,0.083333333,0,0.083333333,0.083333333,0.166666667,0,0.083333333,0,0,0.166666667,0,0,0.166666667,0,0.083333333
251,0.272727273,0,0,0,0,0.181818182,0,0,0,0.090909091,0,0,0,0,0.090909091,0,0,0.272727273,0,0.090909091
252,0.25,0,0,0,0,0,0.25,0,0,0,0,0.25,0,0,0,0,0,0.25,0,0
253,0.125,0,0,0.125,0,0,0.125,0,0,0.125,0,0,0,0,0.125,0,0.125,0.25,0,0
254,0,0,0,0,0,0,0,0,0,0,0,0,0,0,0,0.25,0.25,0.25,0,0.25
255,0,0,0,0,0,0,0,0,0,0,0,0,0,0,0,0,0.333333333,0,0.333333333,0.333333333
256,0,0,0,0,0,0,0,0,0,0,0,0,0,0,0,0.333333333,0,0,0.333333333,0.333333333
257,0,0,0.166666667,0,0,0.166666667,0,0,0,0.166666667,0,0.166666667,0,0,0,0,0,0.166666667,0.166666667,0
258,0,0,0,0,0,0,0,0,0,0,0,0,0,0,0,0,0.5,0,0,0.5
259,0,0,0,0,0,0,0,0,0,0,0,0,0,0,0,0,0,0.5,0,0.5
260,0,0,0,0,0,0,0,0,0.2,0,0.2,0.2,0,0.2,0,0,0,0,0,0.2
261,0.25,0,0,0,0,0,0,0,0,0,0,0,0,0,0,0.25,0.25,0,0,0.25
262,0,0,0,0.333333333,0.333333333,0,0,0,0,0,0,0,0,0,0,0,0,0,0,0.333333333
263,0,0,0,0,0,0,0,0,0,0,0,0.333333333,0,0,0,0.333333333,0,0,0.333333333,0
264,0,0.166666667,0,0,0.166666667,0,0.166666667,0,0,0,0.166666667,0,0,0,0,0,0,0.166666667,0,0.166666667
265,0,0,0,0,0,0,0,0,0,0.333333333,0.333333333,0,0,0,0,0,0,0,0.333333333,0
266,0,0.166666667,0.166666667,0,0,0,0.333333333,0,0,0,0,0,0.166666667,0,0,0,0,0.166666667,0,0
267,0,0.2,0,0.2,0,0,0.2,0,0.2,0,0,0,0,0,0,0,0,0.2,0,0
268,0.2,0,0,0,0,0,0,0,0,0,0,0,0.2,0.4,0,0,0,0,0.2,0
269,0.285714286,0,0,0,0,0.428571429,0,0,0,0,0,0,0.285714286,0,0,0,0,0,0,0
270,0,0,0,0,0.2,0.4,0,0,0,0,0,0,0.2,0,0,0.2,0,0,0,0
271,0.2,0,0,0,0,0,0,0,0.2,0,0,0,0.4,0,0,0,0,0,0,0.2
272,0,0.25,0,0,0,0,0,0,0,0,0,0,0.25,0,0,0.25,0.25,0,0,0
273,0,0,0,0,0,0.5,0,0,0,0,0,0.166666667,0,0,0,0,0.166666667,0.166666667,0,0
274,0.058823529,0.058823529,0.058823529,0.117647059,0.058823529,0,0.058823529,0,0,0,0,0.058823529,0.176470588,0,0.058823529,0.058823529,0.176470588,0.058823529,0,0
275,0.1,0,0,0,0,0.2,0.1,0,0,0.3,0,0.1,0.1,0,0,0,0.1,0,0,0
276,0.1,0,0.1,0,0,0.3,0.1,0,0,0.3,0,0,0.1,0,0,0,0,0,0,0
277,0,0,0,0.125,0.25,0,0.125,0,0,0.25,0,0,0,0.125,0,0,0,0.125,0,0
278,0,0.142857143,0,0,0.142857143,0.142857143,0.142857143,0,0.142857143,0,0,0,0,0,0.142857143,0,0.142857143,0,0,0
279,0.2,0,0,0.2,0,0,0,0,0,0,0,0,0.2,0.2,0,0,0,0,0.2,0
280,0,0,0,0,0.2,0,0.2,0,0,0.2,0,0,0.2,0,0.2,0,0,0,0,0
281,0,0,0,0,0,0.2,0,0,0,0.2,0.2,0,0,0.2,0,0,0,0,0.2,0
282,0,0,0,0,0,0.25,0.25,0,0,0,0,0,0,0.25,0,0,0,0.25,0,0
283,0.5,0.25,0,0,0,0,0,0,0,0,0,0,0.25,0,0,0,0,0,0,0
284,0,0,0,0,0.2,0,0.2,0,0,0,0.2,0,0,0.2,0,0,0.2,0,0,0
285,0,0.166666667,0,0,0,0,0.166666667,0,0.166666667,0,0.166666667,0,0.166666667,0,0.166666667,0,0,0,0,0
286,0.090909091,0,0,0,0.090909091,0,0.272727273,0,0,0.090909091,0.090909091,0,0.181818182,0,0.090909091,0.090909091,0,0,0,0
287,0.5,0,0,0,0,0,0,0,0,0,0,0,0,0,0,0,0,0,0,0.5
288,0,0,0,0,0.2,0.2,0.2,0,0,0,0,0,0.2,0,0,0,0,0,0,0.2
289,0,0,0,0,0,0,0,0,0,0,0,0,0,0,0,0,0.5,0,0,0.5
290,0,0,0,0,0,0,0,0,0,0.5,0,0,0,0,0,0,0,0,0,0.5
291,0,0,0,0,0,0,0,0.5,0,0,0,0,0,0,0,0,0,0,0,0.5
292,0,0,0,0.25,0,0,0,0,0,0,0,0,0.25,0.25,0,0,0,0,0,0.25
293,0,0,0,0.125,0,0.125,0,0,0,0.125,0,0,0.25,0.125,0,0,0,0.125,0,0.125
294,0,0,0,0,0,0.2,0,0.2,0,0.2,0,0,0,0.2,0,0,0,0,0,0.2
295,0,0,0,0.1,0.1,0.2,0,0.1,0,0.1,0,0.1,0.1,0,0.1,0,0,0,0,0.1
296,0.125,0,0.125,0,0.25,0,0.125,0,0,0.125,0,0,0.125,0,0.125,0,0,0,0,0
297,0.142857143,0,0.142857143,0,0.142857143,0,0.142857143,0,0,0.142857143,0,0,0.142857143,0,0.142857143,0,0,0,0,0
298,0,0,0,0,0,0,0,0.333333333,0,0,0,0,0.333333333,0,0,0,0,0,0,0.333333333
299,0,0,0,0,0,0,0,0.25,0,0.25,0,0,0.25,0,0,0,0,0,0,0.25
300,0.166666667,0,0.166666667,0,0.166666667,0,0.166666667,0,0,0,0,0,0.166666667,0,0.166666667,0,0,0,0,0
301,0.2,0,0.2,0,0,0,0.2,0,0,0,0,0,0.2,0,0.2,0,0,0,0,0
302,0.25,0,0.25,0,0,0,0.25,0,0,0,0,0,0.25,0,0,0,0,0,0,0
303,0,0,0,0,0,0,0,0,0,0,0,0,0.285714286,0.285714286,0,0,0,0.285714286,0,0.142857143
304,0,0,0,0,0,0,0.166666667,0.166666667,0,0,0,0,0.166666667,0.166666667,0,0,0,0.166666667,0,0.166666667
305,0,0,0,0,0,0,0,0,0,0,0,0,0.5,0.25,0,0,0,0,0,0.25
306,0,0,0,0,0,0,0,0,0.142857143,0,0,0,0.285714286,0.142857143,0,0.142857143,0,0.142857143,0.142857143,0
307,0,0,0,0,0.25,0,0,0.25,0,0,0,0,0.25,0,0,0,0,0,0,0.25
308,0,0,0,0,0,0,0,0,0,0,0,0,0,0,0,0,0,0,0.5,0.5
309,0,0,0,0,0,0,0,0,0,0,0,0,0,0,0,0.333333333,0,0,0.333333333,0.333333333
310,0,0,0,0,0,0,0,0,0,0.25,0,0,0,0,0,0.25,0,0,0.25,0.25
311,0.2,0,0,0,0,0,0,0,0,0.2,0,0,0,0,0,0.2,0,0,0.2,0.2
312,0.166666667,0,0,0,0,0,0,0,0,0.166666667,0.166666667,0,0,0,0,0.166666667,0,0,0.166666667,0.166666667
313,0.285714286,0,0,0,0,0,0,0,0,0.142857143,0.142857143,0,0,0,0,0.142857143,0,0,0.142857143,0.142857143
314,0,0,0,0,0,0,0,0,0,0,0.5,0,0,0,0,0,0,0,0,0.5
315,0,0,0,0,0,0.25,0,0,0,0.25,0.25,0,0,0.25,0,0,0,0,0,0
316,0,0,0,0.125,0.25,0,0,0,0,0.125,0.25,0,0.25,0,0,0,0,0,0,0
317,0.090909091,0,0,0,0,0,0,0,0,0.181818182,0.090909091,0.090909091,0.090909091,0,0,0,0.181818182,0.181818182,0,0.090909091
318,0,0,0,0,0.2,0.4,0,0,0,0.2,0,0,0,0,0,0,0,0,0,0.2
319,0,0,0,0,0.2,0.4,0,0,0,0,0.2,0,0,0,0,0,0,0,0,0.2
320,0,0,0.1,0,0.1,0,0.2,0.1,0,0.1,0,0,0.1,0,0.1,0,0,0.1,0,0.1
321,0,0,0.125,0,0.125,0,0.125,0.125,0,0,0,0,0.125,0,0.125,0,0,0.125,0,0.125
322,0,0,0.117647059,0.235294118,0,0.058823529,0,0,0.117647059,0.176470588,0,0,0,0.176470588,0,0.058823529,0,0.058823529,0,0
323,0,0,0.083333333,0.083333333,0.166666667,0.166666667,0,0,0,0,0,0,0.166666667,0,0.083333333,0.083333333,0,0.083333333,0,0.083333333
324,0,0,0,0,0,0,0,0.333333333,0,0,0,0,0,0.333333333,0,0,0,0,0,0.333333333
325,0,0,0,0,0,0,0,0,0,0.333333333,0,0,0,0,0,0,0,0.333333333,0,0.333333333
326,0.125,0,0,0,0.125,0,0,0,0.125,0.25,0,0,0.125,0.125,0,0,0,0,0,0.125
327,0,0,0,0,0,0,0,0,0,0.166666667,0,0,0.166666667,0,0.166666667,0,0,0.166666667,0,0.333333333
328,0,0,0,0,0,0,0,0,0,0.333333333,0,0,0.333333333,0,0,0,0,0,0.333333333,0
329,0,0,0,0,0,0,0,0,0,0,0,0,0.333333333,0,0,0,0,0.333333333,0.333333333,0
330,0,0,0,0,0.25,0,0,0,0,0,0,0,0.25,0,0,0,0,0.25,0.25,0
331,0,0,0,0,0,0,0,0,0,0,0,0,0.5,0,0,0,0,0,0.5,0
332,0,0,0,0,0,0,0.25,0.25,0,0,0,0.25,0.25,0,0,0,0,0,0,0
333,0,0,0.166666667,0,0,0.166666667,0,0,0,0,0,0,0,0.333333333,0,0,0,0.166666667,0,0.166666667
334,0,0.222222222,0.222222222,0.111111111,0,0.111111111,0,0,0,0,0,0.111111111,0,0,0,0,0.111111111,0,0,0.111111111
335,0.142857143,0.071428571,0,0,0,0,0,0.071428571,0,0.071428571,0.071428571,0.071428571,0.071428571,0,0.142857143,0,0.142857143,0,0,0.142857143
336,0.142857143,0.071428571,0,0,0,0.071428571,0,0,0,0.142857143,0.071428571,0.071428571,0.071428571,0,0.142857143,0,0.142857143,0,0,0.071428571
337,0.076923077,0.038461538,0,0,0,0.076923077,0.038461538,0.153846154,0.038461538,0.038461538,0,0.038461538,0.192307692,0.038461538,0.076923077,0,0,0.153846154,0.038461538,0
338,0.1875,0.125,0,0,0,0,0.0625,0.0625,0,0,0.0625,0.0625,0.0625,0,0.0625,0,0.1875,0.0625,0.0625,0
339,0.071428571,0.071428571,0,0,0,0.071428571,0,0,0.071428571,0.142857143,0.071428571,0.071428571,0.071428571,0,0.071428571,0,0.142857143,0,0,0.142857143
340,0,0,0,0,0,0,0,0.333333333,0,0,0,0,0,0,0.333333333,0,0,0,0.333333333,0
341,0,0,0,0,0,0,0,0,0,0,0,0,0,0,0.5,0,0,0,0.5,0
342,0.117647059,0,0,0.176470588,0,0.058823529,0.058823529,0.058823529,0,0,0,0,0.058823529,0,0,0.117647059,0.176470588,0.058823529,0,0.117647059
343,0.111111111,0,0,0,0,0.222222222,0,0.222222222,0,0,0,0.111111111,0.111111111,0,0,0,0.111111111,0,0.111111111,0
344,0.166666667,0,0,0,0,0.166666667,0,0.166666667,0,0,0,0.166666667,0.166666667,0,0,0,0,0,0.166666667,0
345,0.2,0,0,0,0,0.2,0,0.2,0,0,0,0.2,0,0,0,0,0,0,0.2,0
346,0,0,0,0,0,0,0,0.25,0,0,0,0.25,0.25,0,0,0,0,0,0.25,0
347,0,0,0,0.2,0.2,0.2,0,0,0,0.2,0,0,0,0,0,0,0,0,0,0.2
348,0,0,0,0.166666667,0.166666667,0.166666667,0,0,0,0.166666667,0,0,0,0,0,0,0,0,0,0.333333333
349,0,0,0,0,0,0.166666667,0,0.166666667,0,0.166666667,0.166666667,0,0.166666667,0,0,0,0,0.166666667,0,0
350,0,0,0,0,0,0.2,0,0.2,0,0,0,0.2,0.2,0,0,0,0,0,0.2,0
351,0,0,0,0,0,0.25,0,0.25,0,0,0,0.25,0,0,0,0,0,0,0.25,0
352,0,0,0,0,0,0,0,0,0,0,0,0,0.4,0.2,0,0,0,0.2,0,0.2
353,0,0,0,0,0,0,0,0,0,0,0,0.166666667,0.333333333,0,0,0.166666667,0,0.166666667,0,0.166666667
354,0,0,0,0,0,0,0,0,0,0,0,0.166666667,0.333333333,0,0.166666667,0,0,0.166666667,0,0.166666667
355,0,0,0,0.166666667,0,0.166666667,0,0.166666667,0,0.166666667,0,0,0,0,0,0.166666667,0,0,0.166666667,0
356,0,0,0,0.142857143,0,0.142857143,0,0.142857143,0,0.142857143,0,0,0,0,0,0.142857143,0,0,0.285714286,0
357,0,0,0,0.166666667,0,0.166666667,0,0.166666667,0,0.166666667,0,0,0,0,0,0.166666667,0,0,0.166666667,0
358,0,0,0,0.166666667,0,0.166666667,0,0.166666667,0,0.166666667,0,0,0,0,0,0.166666667,0,0,0,0.166666667
359,0,0,0,0,0.066666667,0.333333333,0,0,0,0.4,0,0,0.133333333,0,0,0.066666667,0,0,0,0
360,0,0.2,0,0,0.2,0,0,0,0.2,0,0,0,0,0,0.2,0,0,0.2,0,0
361,0,0,0,0,0.2,0,0,0,0.2,0,0,0.2,0.2,0,0,0,0,0,0,0.2
362,0,0,0,0.4,0,0,0,0,0,0.2,0,0,0,0,0,0,0,0.2,0,0.2
363,0,0,0,0,0,0,0,0,0,0.2,0.2,0,0,0,0.2,0.2,0,0,0,0.2
364,0,0,0,0,0,0,0.166666667,0,0.166666667,0,0.166666667,0,0.166666667,0,0,0,0.166666667,0.166666667,0,0
365,0,0,0,0.2,0,0.2,0,0,0,0,0,0,0,0,0.2,0,0.2,0,0,0.2
366,0,0,0.333333333,0,0,0,0,0,0,0,0,0,0,0,0,0,0.333333333,0,0,0.333333333
367,0,0,0,0,0,0,0.333333333,0,0.333333333,0,0,0.333333333,0,0,0,0,0,0,0,0
368,0,0,0,0,0,0.125,0.125,0,0,0,0,0.125,0.125,0,0,0.25,0,0.125,0.125,0
369,0,0,0.2,0.4,0.2,0,0,0,0,0,0,0,0,0.2,0,0,0,0,0,0
370,0,0,0.333333333,0.166666667,0,0,0,0,0.166666667,0,0.166666667,0,0,0,0,0,0,0,0.166666667,0
371,0,0,0.333333333,0,0,0,0,0,0,0.333333333,0,0,0,0,0,0,0,0,0,0.333333333
372,0,0,0,0,0,0.125,0,0,0.125,0,0,0,0.125,0,0,0.125,0.125,0.125,0.125,0.125
373,0,0,0,0.2,0,0.2,0,0,0,0.2,0,0,0,0,0,0,0,0,0,0.4
374,0.111111111,0,0,0.111111111,0.111111111,0,0,0,0,0,0.111111111,0,0.222222222,0,0,0,0.111111111,0.222222222,0,0
375,0,0,0,0.125,0,0.125,0,0,0.125,0,0.125,0,0.25,0,0,0.125,0,0,0,0.125
376,0,0,0,0.166666667,0.166666667,0,0.166666667,0,0.166666667,0,0.166666667,0.166666667,0,0,0,0,0,0,0,0
377,0,0,0,0,0,0,0,0,0,0,0,0,0,0,0,0,0.5,0,0.5,0
378,0.5,0,0,0,0,0,0,0,0,0,0,0,0,0,0,0,0,0,0.5,0
379,0,0,0,0,0,0,0,0,0,0,0,0,0,0,0,0,0,0.5,0.5,0
380,0,0,0,0,0,0,0,0,0,0.5,0,0,0,0,0,0,0,0,0.5,0
381,0,0,0.1,0,0.1,0,0.1,0.1,0.1,0,0,0.1,0.1,0,0,0,0,0.2,0,0.1
382,0,0,0,0,0.071428571,0,0.071428571,0,0.071428571,0.142857143,0.071428571,0.071428571,0.071428571,0.071428571,0,0.071428571,0,0.142857143,0,0.142857143
383,0,0,0.071428571,0,0.071428571,0,0.142857143,0.071428571,0,0.142857143,0.071428571,0.071428571,0,0.071428571,0.142857143,0,0,0.142857143,0,0
384,0.4,0,0,0,0,0,0,0,0.2,0,0,0,0.2,0,0,0,0,0,0,0.2
385,0,0,0,0,0,0.25,0,0,0,0,0,0,0,0.25,0,0,0.25,0,0,0.25
386,0.166666667,0,0,0,0,0,0.333333333,0,0,0,0,0,0.333333333,0,0.166666667,0,0,0,0,0
387,0,0,0,0,0,0,0.4,0,0,0,0,0,0.4,0,0.2,0,0,0,0,0
388,0,0,0,0,0,0,0,0,0,0,0,0,0.25,0,0.25,0.25,0,0,0,0.25
389,0,0,0,0,0,0,0,0,0,0,0,0,0.2,0,0.2,0.4,0,0,0,0.2
390,0.25,0,0,0,0,0,0,0,0,0,0,0,0.25,0,0,0.25,0,0,0,0.25
391,0.25,0,0,0,0,0,0,0,0.25,0,0,0,0.25,0,0,0,0,0,0,0.25
392,0,0,0,0,0,0,0,0,0,0,0,0,0,0.333333333,0.333333333,0,0,0,0,0.333333333
393,0,0,0,0,0,0,0,0,0,0.142857143,0,0,0.142857143,0,0.142857143,0.285714286,0,0.142857143,0,0.142857143
394,0,0,0.25,0,0,0,0,0,0,0.25,0,0,0,0.25,0,0,0,0,0,0.25
395,0,0,0,0.2,0,0.2,0,0,0,0.2,0,0,0,0.2,0,0,0,0,0,0.2
396,0,0,0,0.2,0.2,0,0,0,0,0.2,0,0,0.2,0,0,0,0,0,0,0.2
397,0,0,0,0,0,0,0,0,0.4,0.2,0,0,0,0,0.2,0,0,0,0,0.2
398,0,0,0,0,0,0,0,0,0.25,0.25,0,0,0,0,0,0,0.25,0,0,0.25
399,0,0,0,0,0,0,0,0,0,0,0,0,0,0.25,0,0,0.25,0.25,0,0.25
400,0,0,0,0,0,0.25,0,0,0,0.25,0,0.25,0,0,0,0,0,0,0,0.25
401,0,0,0,0,0.2,0,0,0,0.2,0,0,0,0.2,0.2,0,0,0,0,0,0.2
402,0,0,0,0,0,0,0,0,0,0.333333333,0,0,0,0.333333333,0,0,0,0,0,0.333333333
403,0,0,0,0,0,0,0,0.333333333,0,0,0,0,0.166666667,0.166666667,0,0,0,0,0,0.333333333
404,0,0,0,0,0.25,0,0,0,0,0.25,0,0,0,0.25,0,0,0,0,0,0.25
405,0,0,0.25,0,0,0.25,0,0,0,0,0,0,0,0,0,0,0,0.25,0,0.25
406,0.111111111,0,0.111111111,0,0,0.111111111,0.111111111,0,0,0.111111111,0,0.111111111,0,0,0,0,0.111111111,0.111111111,0,0.111111111
407,0,0,0.333333333,0,0,0.333333333,0.333333333,0,0,0,0,0,0,0,0,0,0,0,0,0
408,0,0,0.2,0.2,0,0,0.2,0,0.2,0,0,0,0,0,0,0,0.2,0,0,0
409,0,0,0,0,0.6,0.2,0,0,0,0,0,0.2,0,0,0,0,0,0,0,0
410,0.166666667,0,0.166666667,0,0,0,0.166666667,0,0,0.166666667,0.166666667,0,0.166666667,0,0,0,0,0,0,0
411,0.142857143,0,0.142857143,0.142857143,0,0,0.142857143,0,0,0.142857143,0,0,0.142857143,0,0.142857143,0,0,0,0,0
412,0,0,0,0.181818182,0,0,0.090909091,0,0,0.090909091,0,0.181818182,0.181818182,0,0,0,0.181818182,0,0.090909091,0
413,0,0,0,0,0.25,0,0.25,0,0,0,0,0,0.25,0,0,0,0,0.25,0,0
414,0.125,0,0,0.125,0,0.125,0.25,0,0,0.125,0,0,0,0,0,0.25,0,0,0,0
415,0,0,0,0,0,0.333333333,0,0,0,0.166666667,0,0,0.166666667,0,0,0.166666667,0,0,0,0.166666667
416,0,0,0,0,0.2,0,0,0,0.2,0,0,0,0.2,0,0,0.2,0,0,0,0.2
417,0,0,0,0.166666667,0.166666667,0.333333333,0,0,0,0.166666667,0,0,0.166666667,0,0,0,0,0,0,0
418,0,0,0,0,0,0.4,0,0,0,0,0,0,0.2,0,0.2,0,0,0.2,0,0
419,0,0,0.25,0,0,0.375,0,0,0,0,0,0,0,0,0,0,0,0.375,0,0
420,0,0,0,0.4,0,0,0,0,0,0,0,0,0.2,0,0.2,0,0,0,0,0.2
421,0.166666667,0,0,0.333333333,0,0,0,0,0,0,0,0,0.166666667,0,0.166666667,0,0,0,0,0.166666667
422,0,0,0.25,0.25,0,0.125,0,0,0,0,0,0.125,0.125,0,0,0,0,0.125,0,0
423,0.2,0,0,0,0,0.2,0,0,0.2,0.2,0,0,0,0,0,0,0,0,0,0.2
424,0,0,0,0.111111111,0.111111111,0.222222222,0,0.111111111,0,0.111111111,0,0.222222222,0.111111111,0,0,0,0,0,0,0
425,0,0,0,0,0.25,0.5,0,0.25,0,0,0,0,0,0,0,0,0,0,0,0
426,0.166666667,0,0,0.083333333,0,0.25,0.083333333,0,0,0.166666667,0,0,0,0.083333333,0,0,0,0.083333333,0,0.083333333
427,0,0,0,0,0,0,0,0,0,0,0,0,0.666666667,0,0,0,0,0,0.333333333,0
428,0,0,0,0,0,0,0,0.2,0,0,0,0,0,0,0,0.2,0,0.2,0,0.4
429,0,0,0,0,0.2,0,0,0,0,0,0,0,0,0.2,0,0,0.4,0,0,0.2
430,0,0,0,0,0.166666667,0.166666667,0,0,0,0.166666667,0,0,0,0.166666667,0,0.166666667,0,0,0,0.166666667
431,0,0,0.2,0,0,0,0,0,0,0.2,0,0,0.2,0,0,0,0,0,0,0.4
432,0,0,0.333333333,0,0,0,0,0,0,0,0,0,0,0,0.333333333,0,0,0,0.333333333,0
433,0,0,0,0,0,0.166666667,0.166666667,0.333333333,0,0,0,0,0,0,0.166666667,0.166666667,0,0,0,0
434,0,0,0,0.25,0.25,0,0,0,0.25,0,0,0,0.25,0,0,0,0,0,0,0
435,0,0,0,0,0.333333333,0,0,0,0,0.333333333,0,0,0.333333333,0,0,0,0,0,0,0
436,0,0,0,0,0.25,0,0,0,0,0.5,0,0,0.25,0,0,0,0,0,0,0
437,0,0,0,0,0.5,0,0,0,0,0.25,0,0,0.25,0,0,0,0,0,0,0
438,0,0,0,0,0,0.142857143,0,0,0.071428571,0.214285714,0,0,0.214285714,0,0.071428571,0.071428571,0.071428571,0.142857143,0,0
439,0,0,0,0.1,0,0,0.1,0,0.1,0.3,0,0,0.1,0,0,0,0,0.3,0,0
440,0.125,0,0.125,0.375,0,0,0,0,0,0.125,0,0,0.125,0,0,0,0,0,0,0.125
441,0,0,0,0,0,0.5,0,0,0,0,0,0,0,0,0,0,0,0,0.5,0
442,0,0,0,0,0,0,0,0,0,0,0,0,0.333333333,0.333333333,0,0,0,0,0,0.333333333
443,0,0,0,0,0,0,0.2,0,0,0,0,0,0.2,0,0,0,0,0.4,0,0.2
444,0.5,0,0,0,0,0,0.5,0,0,0,0,0,0,0,0,0,0,0,0,0
445,0.090909091,0.090909091,0.090909091,0,0,0.090909091,0,0,0.090909091,0,0,0.090909091,0,0,0.181818182,0,0.090909091,0.090909091,0.090909091,0
446,0,0.166666667,0,0,0,0.166666667,0,0.166666667,0,0.166666667,0,0,0,0,0.333333333,0,0,0,0,0
447,0,0.142857143,0,0,0,0.142857143,0,0.142857143,0,0.142857143,0,0,0,0,0.285714286,0,0,0,0.142857143,0
448,0.125,0.125,0,0,0,0.125,0,0.125,0,0.125,0,0,0,0,0.25,0,0,0,0.125,0
449,0,0.111111111,0.111111111,0,0,0.111111111,0,0,0.111111111,0,0,0.111111111,0,0,0.222222222,0,0.111111111,0,0.111111111,0
450,0,0,0,0,0,0,0,0.333333333,0,0,0,0,0,0.333333333,0,0,0,0,0.333333333,0
451,0,0.333333333,0,0,0,0,0,0,0,0.333333333,0,0,0,0,0,0,0.333333333,0,0,0
452,0,0,0,0,0,0.333333333,0,0,0,0,0,0,0,0,0,0,0.333333333,0,0.333333333,0
453,0,0,0,0,0,0,0,0,0,0.666666667,0,0,0,0,0,0,0,0,0,0.333333333
454,0,0.333333333,0,0,0.333333333,0,0,0,0,0.333333333,0,0,0,0,0,0,0,0,0,0
455,0,0.333333333,0,0.333333333,0,0,0,0,0,0,0.333333333,0,0,0,0,0,0,0,0,0
456,0,0,0,0,0,0,0,0,0.333333333,0,0,0,0,0.333333333,0,0,0,0,0.333333333,0
457,0,0,0,0.333333333,0,0,0,0,0,0,0,0.333333333,0,0,0,0,0,0,0.333333333,0
458,0,0.666666667,0,0,0,0,0,0,0,0,0,0,0,0.333333333,0,0,0,0,0,0
459,0,0.333333333,0,0,0,0,0,0,0,0.333333333,0,0,0,0.333333333,0,0,0,0,0,0
460,0,0.333333333,0,0.333333333,0,0.333333333,0,0,0,0,0,0,0,0,0,0,0,0,0,0
461,0.333333333,0.333333333,0,0,0,0,0,0,0,0,0,0,0,0.333333333,0,0,0,0,0,0
462,0,0.333333333,0,0,0,0,0,0,0,0.333333333,0,0,0,0,0,0,0,0.333333333,0,0
463,0,0,0,0,0,0,0,0,0,0.333333333,0.333333333,0,0.333333333,0,0,0,0,0,0,0
464,0,0,0,0,0,0,0.333333333,0.333333333,0,0,0.333333333,0,0,0,0,0,0,0,0,0
465,0,0,0.333333333,0,0,0,0,0,0.333333333,0,0,0,0,0,0,0,0,0,0,0.333333333
466,0,0,0,0,0,0,0,0,0.666666667,0,0,0,0,0,0,0,0,0,0,0.333333333
467,0,0,0,0,0,0,0,0,0.333333333,0.333333333,0,0,0,0,0,0,0,0,0,0.333333333
468,0,0.333333333,0,0.333333333,0,0,0,0,0,0,0,0,0,0.333333333,0,0,0,0,0,0
469,0,0.333333333,0,0,0,0,0.333333333,0,0,0,0,0,0,0.333333333,0,0,0,0,0,0
470,0,0.333333333,0,0,0,0,0.333333333,0.333333333,0,0,0,0,0,0,0,0,0,0,0,0
471,0.285714286,0.142857143,0,0,0,0,0,0,0,0.142857143,0,0,0.142857143,0.142857143,0,0.142857143,0,0,0,0
472,0,0,0.2,0,0,0.2,0,0,0,0,0,0,0.2,0,0,0,0,0,0.2,0.2
473,0,0,0.2,0,0,0,0,0,0.2,0.2,0,0,0,0,0,0.2,0,0,0.2,0
474,0,0,0,0.2,0,0.2,0,0,0.2,0.2,0,0,0,0,0,0,0,0,0.2,0
475,0,0,0.111111111,0.222222222,0,0,0,0,0,0,0,0.111111111,0,0.111111111,0,0.111111111,0.111111111,0.111111111,0.111111111,0
476,0,0,0,0.083333333,0,0.25,0,0.25,0,0,0.083333333,0.083333333,0,0.083333333,0,0,0.083333333,0,0,0.083333333
477,0.1,0,0,0.1,0,0.1,0.1,0,0.1,0.1,0,0,0.1,0.2,0,0,0,0,0,0.1
478,0.1,0,0,0.3,0,0.1,0,0,0,0,0,0,0,0.1,0.2,0.1,0,0,0.1,0
479,0.25,0,0,0,0.25,0.5,0,0,0,0,0,0,0,0,0,0,0,0,0,0
480,0.2,0,0.2,0.2,0,0,0,0,0,0,0,0,0.2,0,0,0,0,0,0.2,0
481,0,0,0.4,0,0,0,0,0,0.2,0,0,0,0.2,0,0,0,0,0,0.2,0
482,0,0.5,0,0,0.5,0,0,0,0,0,0,0,0,0,0,0,0,0,0,0
483,0,0.133333333,0.133333333,0,0.066666667,0.133333333,0.066666667,0.066666667,0.066666667,0,0,0,0,0.066666667,0.133333333,0.066666667,0,0.066666667,0,0
484,0,0,0.083333333,0,0.166666667,0.166666667,0,0.083333333,0.083333333,0,0,0.083333333,0.083333333,0.083333333,0.083333333,0,0,0,0.083333333,0
485,0.095238095,0,0.047619048,0.047619048,0,0,0,0.047619048,0.095238095,0.047619048,0.142857143,0,0.142857143,0,0.095238095,0,0.047619048,0.047619048,0.047619048,0.095238095
486,0,0,0,0,0,0.2,0,0,0,0,0,0,0.4,0.2,0,0,0,0.2,0,0
487,0,0,0,0,0,0,0,0,0.375,0.125,0,0,0.375,0,0,0,0,0.125,0,0
488,0,0,0.166666667,0,0,0.166666667,0,0,0,0,0,0,0,0,0,0,0,0.333333333,0,0.333333333
489,0,0,0,0.2,0.2,0,0,0.2,0,0,0,0,0,0,0,0,0,0.2,0,0.2
490,0,0,0,0,0.166666667,0.166666667,0,0,0,0,0,0,0.5,0,0,0,0,0,0,0.166666667
491,0,0,0.166666667,0,0,0,0,0,0,0,0.166666667,0,0.333333333,0,0,0,0,0.166666667,0,0.166666667
492,0,0,0,0,0,0.166666667,0,0,0,0,0,0,0.5,0,0,0,0,0.166666667,0.166666667,0
493,0,0,0,0,0,0.2,0,0,0,0.2,0,0,0,0,0.2,0,0,0,0,0.4
494,0,0,0,0,0,0,0,0,0,0,0,0,0,0,0.5,0,0,0,0,0.5
495,0,0,0,0,0,0,0,0,0,0.333333333,0,0,0,0,0.333333333,0,0,0,0,0.333333333
496,0,0,0,0,0,0.25,0,0,0,0.25,0,0,0,0,0.25,0,0,0,0,0.25
497,0,0,0,0,0,0.333333333,0,0,0,0.333333333,0,0,0,0,0,0,0,0,0,0.333333333
498,0,0,0,0,0,0.25,0,0,0,0.25,0,0,0,0,0,0,0,0,0,0.5
499,0,0,0,0,0,0.333333333,0,0,0,0.333333333,0,0,0,0,0,0,0,0,0,0.333333333
500,0.142857143,0,0,0.142857143,0.142857143,0,0,0,0,0.142857143,0,0,0.142857143,0,0,0,0,0,0,0.285714286
501,0.166666667,0,0,0.166666667,0.166666667,0,0,0,0,0,0,0,0.166666667,0,0,0,0,0,0,0.333333333
502,0,0,0,0,0.142857143,0,0,0,0.142857143,0,0,0,0.142857143,0.285714286,0,0,0,0,0,0.285714286
503,0,0,0,0,0,0,0,0,0.333333333,0,0,0,0,0.333333333,0,0,0,0,0,0.333333333
504,0,0,0,0,0.25,0,0,0,0,0,0,0,0.25,0.25,0,0,0,0,0,0.25
505,0.166666667,0,0,0,0,0.166666667,0,0,0,0,0,0,0,0,0,0,0.166666667,0.166666667,0.166666667,0.166666667
506,0,0,0,0,0.1,0.1,0,0.1,0,0,0,0.1,0.4,0,0,0,0,0.1,0,0.1
507,0,0,0,0.058823529,0.058823529,0.117647059,0,0.117647059,0,0.058823529,0,0,0.235294118,0.058823529,0.058823529,0,0,0.176470588,0,0.058823529
508,0,0,0,0,0,0,0,0,0.4,0,0,0,0.2,0,0,0,0,0.4,0,0
509,0,0.333333333,0,0,0,0,0.333333333,0,0,0,0,0,0,0,0,0.333333333,0,0,0,0
510,0,0,0.25,0,0,0,0.5,0,0,0,0,0,0,0.25,0,0,0,0,0,0
511,0,0,0.090909091,0.090909091,0,0.090909091,0.181818182,0,0,0,0,0,0.090909091,0.181818182,0,0.090909091,0,0.090909091,0,0.090909091
512,0.25,0,0.25,0,0,0,0.25,0,0.25,0,0,0,0,0,0,0,0,0,0,0
513,0,0,0.25,0,0,0,0.5,0,0.25,0,0,0,0,0,0,0,0,0,0,0
514,0.1,0,0,0,0.1,0,0,0,0,0.1,0,0.1,0.2,0,0.1,0,0.1,0.1,0.1,0
515,0.25,0,0,0,0.25,0,0,0,0,0,0,0,0,0,0,0.25,0,0,0.25,0
516,0.1,0,0,0,0,0.2,0,0.2,0.1,0,0,0,0.1,0,0,0,0,0.1,0,0.2
517,0,0,0,0,0,0,0,0,0.2,0.6,0,0,0,0,0,0,0,0,0,0.2
518,0.25,0,0,0,0.25,0,0,0,0,0,0,0,0,0,0,0.25,0,0,0.25,0
519,0.181818182,0,0.045454545,0,0.090909091,0.090909091,0,0,0.090909091,0.181818182,0,0,0.045454545,0.045454545,0.045454545,0.090909091,0,0,0.045454545,0.045454545
520,0.125,0,0.125,0.25,0,0,0,0,0,0.25,0,0.25,0,0,0,0,0,0,0,0
521,0,0,0.142857143,0,0.285714286,0.142857143,0.285714286,0,0,0,0,0,0.142857143,0,0,0,0,0,0,0
522,0,0,0,0,0,0,0,0,0,0,0,0,0.25,0,0,0.25,0,0.25,0,0.25
523,0,0,0,0,0,0,0.5,0,0,0.25,0,0,0.25,0,0,0,0,0,0,0
524,0,0,0,0,0,0,0.5,0,0,0.25,0,0,0.25,0,0,0,0,0,0,0
525,0,0,0,0,0,0,0.5,0,0,0.5,0,0,0,0,0,0,0,0,0,0
526,0,0,0,0,0,0,0.5,0,0,0.25,0,0,0.25,0,0,0,0,0,0,0
527,0,0,0,0,0,0,0.25,0,0,0.5,0,0,0.25,0,0,0,0,0,0,0
528,0,0,0,0,0,0,0.5,0,0,0.25,0,0,0.25,0,0,0,0,0,0,0
529,0,0,0,0,0,0,0.5,0,0,0.25,0,0,0.25,0,0,0,0,0,0,0
530,0,0,0,0,0,0,1,0,0,0,0,0,0,0,0,0,0,0,0,0
531,0,0,0,0,0,0,0.666666667,0,0,0,0,0,0.333333333,0,0,0,0,0,0,0
532,0,0,0,0,0,0,0.5,0,0,0.5,0,0,0,0,0,0,0,0,0,0
533,0,0,0,0,0,0,0.4,0,0,0.4,0,0,0.2,0,0,0,0,0,0,0
534,0,0,0,0,0,0,0.5,0,0,0.25,0,0,0.25,0,0,0,0,0,0,0
535,0,0,0,0,0,0,0.5,0,0,0.25,0,0,0.25,0,0,0,0,0,0,0
536,0,0,0,0,0,0,0.5,0,0,0.25,0,0,0.25,0,0,0,0,0,0,0
537,0,0,0,0,0,0,0.5,0,0,0.25,0,0,0.25,0,0,0,0,0,0,0
538,0,0,0,0,0,0,0.666666667,0,0,0,0,0,0.333333333,0,0,0,0,0,0,0
539,0,0,0,0,0,0,0.5,0,0,0.5,0,0,0,0,0,0,0,0,0,0
540,0,0,0,0,0,0,0.4,0,0,0.4,0,0,0.2,0,0,0,0,0,0,0
541,0,0,0,0,0,0,0.666666667,0,0,0.333333333,0,0,0,0,0,0,0,0,0,0
542,0,0,0,0,0,0,0.5,0,0,0.333333333,0,0,0.166666667,0,0,0,0,0,0,0
543,0,0,0,0,0,0,0.666666667,0,0,0.333333333,0,0,0,0,0,0,0,0,0,0
544,0,0,0,0,0,0,0.666666667,0,0,0,0,0,0.333333333,0,0,0,0,0,0,0
545,0,0,0,0,0.333333333,0,0,0,0,0,0,0,0,0,0,0,0,0,0,0.666666667
546,0.142857143,0,0,0,0,0,0,0,0,0,0,0,0.285714286,0.142857143,0.142857143,0,0,0.142857143,0,0.142857143
547,0.2,0,0,0,0,0.2,0,0.2,0,0,0.2,0,0.2,0,0,0,0,0,0,0
548,0.2,0,0,0,0,0.2,0,0,0,0.2,0,0,0.2,0,0,0,0,0.2,0,0
549,0,0,0,0,0,0,0,0,0,0,0,0,0,0,0,0,0,0.25,0.25,0.5
550,0,0,0,0,0,0,0,0,0,0.666666667,0,0,0.333333333,0,0,0,0,0,0,0
551,0,0,0,0,0,0,0,0,0,0.333333333,0,0.333333333,0,0,0,0,0,0,0,0.333333333
552,0,0,0,0,0,0,0,0,0,0,0,0,0,0,0,0.25,0.25,0.25,0,0.25
553,0,0,0,0,0,0,0,0.333333333,0,0,0,0.333333333,0,0,0,0,0,0,0,0.333333333
554,0,0.090909091,0,0.090909091,0.090909091,0.090909091,0,0,0,0,0,0.090909091,0.181818182,0.090909091,0.090909091,0,0,0.090909091,0,0.090909091
555,0,0,0.5,0,0,0,0,0,0,0,0,0,0,0,0,0,0,0,0.5,0
556,0,0,0.222222222,0,0,0,0,0.111111111,0,0.111111111,0,0.222222222,0,0.111111111,0.111111111,0,0,0,0,0.111111111
557,0.083333333,0,0.083333333,0,0,0.083333333,0,0,0.166666667,0.166666667,0,0,0.333333333,0,0,0.083333333,0,0,0,0
558,0.111111111,0.055555556,0.055555556,0,0.055555556,0.055555556,0.055555556,0,0,0.166666667,0,0,0.111111111,0,0,0.055555556,0.166666667,0,0,0.111111111
559,0.142857143,0,0.142857143,0,0,0,0,0,0,0,0,0.142857143,0.142857143,0,0.142857143,0,0.142857143,0,0,0.142857143
560,0,0,0.125,0,0.25,0.125,0,0,0,0,0,0,0.125,0,0.125,0,0.25,0,0,0
561,0,0,0,0,0.2,0,0.2,0,0,0,0,0.2,0.2,0.2,0,0,0,0,0,0
562,0,0,0,0.25,0.25,0.25,0,0.25,0,0,0,0,0,0,0,0,0,0,0,0
563,0.142857143,0.142857143,0,0,0,0.142857143,0,0,0,0,0.142857143,0,0.142857143,0,0,0.285714286,0,0,0,0
564,0,0,0,0.4,0,0,0,0,0,0,0.2,0,0,0,0,0,0.2,0,0,0.2
565,0,0,0.133333333,0,0,0.066666667,0,0,0.066666667,0.2,0,0.133333333,0.133333333,0.066666667,0.066666667,0.066666667,0,0,0,0.066666667
566,0.227272727,0.045454545,0.045454545,0,0.045454545,0.045454545,0,0,0,0.181818182,0.045454545,0,0.045454545,0.136363636,0.045454545,0.045454545,0,0,0.045454545,0.045454545
567,0.166666667,0,0,0,0,0,0,0,0,0.166666667,0,0.5,0,0,0,0,0,0,0.166666667,0
568,0,0,0,0.166666667,0.5,0,0,0,0,0.166666667,0,0,0,0,0,0.166666667,0,0,0,0
569,0,0,0,0,0.4,0,0,0,0,0.2,0,0,0,0.2,0,0,0.2,0,0,0
570,0,0,0,0,0.666666667,0,0,0,0,0.333333333,0,0,0,0,0,0,0,0,0,0
571,0,0,0.1,0.1,0,0.1,0,0,0,0.3,0,0,0.1,0,0,0.1,0,0.2,0,0
572,0,0,0.166666667,0,0,0,0,0.166666667,0,0.166666667,0,0.166666667,0,0.166666667,0.166666667,0,0,0,0,0
573,0,0,0,0.166666667,0.166666667,0,0,0.333333333,0,0,0,0.166666667,0,0,0,0.166666667,0,0,0,0
574,0.142857143,0,0.142857143,0,0,0.285714286,0,0,0,0.285714286,0,0,0,0,0,0,0,0.142857143,0,0
575,0,0,0.25,0,0,0,0,0.25,0,0.25,0,0.25,0,0,0,0,0,0,0,0
576,0.142857143,0,0.142857143,0,0.142857143,0,0,0.142857143,0.285714286,0,0,0,0,0,0,0.142857143,0,0,0,0
577,0,0,0,0.25,0,0,0,0.25,0,0,0,0,0.25,0,0,0,0.25,0,0,0
578,0.125,0,0,0,0,0,0,0,0,0,0,0,0,0.125,0,0.125,0.25,0.375,0,0
579,0,0,0,0,0,0,0,0.2,0.4,0,0,0.2,0,0,0.2,0,0,0,0,0
580,0,0,0,0,0,0,0,0.25,0.25,0,0,0.25,0,0,0.25,0,0,0,0,0
581,0,0,0,0,0,0,0,0.166666667,0.333333333,0.166666667,0,0,0,0.166666667,0,0.166666667,0,0,0,0
582,0.333333333,0,0,0,0,0,0,0,0,0.166666667,0,0,0.333333333,0.166666667,0,0,0,0,0,0
583,0.2,0,0,0,0,0,0,0,0,0,0,0,0.2,0.2,0,0,0,0.4,0,0
584,0,0,0,0,0,0,0,0.5,0,0,0,0,0,0,0.5,0,0,0,0,0
585,0,0,0,0,0,0,0,0,0.333333333,0.333333333,0,0,0.333333333,0,0,0,0,0,0,0
586,0,0,0,0,0,0,0,0,0.5,0.5,0,0,0,0,0,0,0,0,0,0
587,0,0,0,0,0,0,0,0,0.5,0,0,0,0.5,0,0,0,0,0,0,0
588,0.111111111,0,0.111111111,0,0.111111111,0.111111111,0,0,0.111111111,0.111111111,0,0,0,0.111111111,0,0.222222222,0,0,0,0
589,0.1,0,0.1,0.1,0.1,0.1,0,0.1,0.1,0.1,0,0,0,0,0,0,0,0.2,0,0
590,0.4,0,0,0,0.2,0,0,0,0,0.2,0,0,0,0,0,0.2,0,0,0,0
591,0.125,0,0.125,0,0.125,0,0,0,0,0,0,0,0,0.125,0,0.25,0.125,0.125,0,0
592,0,0,0.142857143,0.142857143,0,0.142857143,0,0,0,0.142857143,0,0,0.142857143,0,0,0.142857143,0,0.142857143,0,0
593,0.090909091,0,0.090909091,0,0,0,0,0,0,0,0.090909091,0,0.090909091,0.181818182,0,0.272727273,0.090909091,0.090909091,0,0
594,0.666666667,0,0,0,0,0.333333333,0,0,0,0,0,0,0,0,0,0,0,0,0,0
595,0,0,0.2,0,0.2,0,0,0,0,0.2,0,0,0.2,0,0,0,0,0.2,0,0
596,0,0.333333333,0,0,0,0,0,0,0.333333333,0,0.333333333,0,0,0,0,0,0,0,0,0
597,0,0.333333333,0,0,0,0,0,0,0.333333333,0.333333333,0,0,0,0,0,0,0,0,0,0
598,0,0.333333333,0,0,0,0,0,0,0,0.666666667,0,0,0,0,0,0,0,0,0,0
599,0,0,0,0,0,0,0,0,0,1,0,0,0,0,0,0,0,0,0,0
600,0.333333333,0,0,0,0,0,0,0,0,0.666666667,0,0,0,0,0,0,0,0,0,0
601,0.333333333,0,0,0,0,0,0,0,0,0.666666667,0,0,0,0,0,0,0,0,0,0
602,0.666666667,0,0,0,0,0,0,0,0,0.333333333,0,0,0,0,0,0,0,0,0,0
603,0.333333333,0,0,0,0,0,0,0,0,0.333333333,0,0,0,0,0,0,0.333333333,0,0,0
604,0.333333333,0,0,0,0,0.333333333,0,0,0,0,0,0,0,0.333333333,0,0,0,0,0,0
605,0.666666667,0,0,0,0,0,0,0,0,0,0,0,0,0.333333333,0,0,0,0,0,0
606,0.333333333,0,0,0,0,0,0,0,0,0.333333333,0,0,0,0.333333333,0,0,0,0,0,0
607,0.333333333,0,0,0,0,0,0,0.333333333,0,0.333333333,0,0,0,0,0,0,0,0,0,0
608,0,0,0,0,0,0,0,0.333333333,0,0.333333333,0,0,0,0,0,0,0,0.333333333,0,0
609,0,0,0,0,0,0,0,0.333333333,0,0,0,0,0,0,0,0,0.333333333,0.333333333,0,0
610,0,0,0,0,0,0,0,0,0,0,0,0,0,0.333333333,0,0,0.333333333,0.333333333,0,0
611,0,0,0,0,0,0,0,0,0,0,0,0,0,0.333333333,0,0,0.666666667,0,0,0
612,0,0,0,0,0,0,0,0,0,0,0.333333333,0,0,0.333333333,0,0,0.333333333,0,0,0
613,0,0,0,0,0,0,0,0,0.333333333,0,0.333333333,0,0,0,0,0,0.333333333,0,0,0
614,0,0,0,0,0,0.333333333,0,0,0.333333333,0,0.333333333,0,0,0,0,0,0,0,0,0
615,0,0,0,0,0,0.333333333,0,0,0.333333333,0.333333333,0,0,0,0,0,0,0,0,0,0
616,0,0,0.333333333,0,0,0.333333333,0,0,0,0.333333333,0,0,0,0,0,0,0,0,0,0
617,0,0,0.333333333,0,0,0,0,0.333333333,0,0.333333333,0,0,0,0,0,0,0,0,0,0
618,0,0,0.333333333,0,0,0,0,0.333333333,0,0,0,0,0,0.333333333,0,0,0,0,0,0
619,0,0,0,0,0,0,0,0.333333333,0.333333333,0,0,0,0,0.333333333,0,0,0,0,0,0
620,0,0,0,0,0,0,0,0,0.333333333,0,0,0,0,0.333333333,0,0,0,0.333333333,0,0
621,0.333333333,0,0,0,0,0,0,0,0.333333333,0,0,0,0,0,0,0,0,0.333333333,0,0
622,0.333333333,0,0,0,0,0.333333333,0,0,0,0,0,0,0,0,0,0,0,0.333333333,0,0
623,0.333333333,0,0,0,0,0.333333333,0,0,0,0,0,0,0,0,0,0,0.333333333,0,0,0
624,0.333333333,0,0,0,0,0,0,0,0,0.333333333,0,0,0,0,0,0.333333333,0,0,0,0
625,0.333333333,0,0,0,0,0,0,0,0,0.333333333,0.333333333,0,0,0,0,0,0,0,0,0
626,0.666666667,0,0,0,0,0,0,0,0,0,0.333333333,0,0,0,0,0,0,0,0,0
627,0.666666667,0,0,0,0,0,0,0,0,0,0.333333333,0,0,0,0,0,0,0,0,0
628,0.666666667,0,0,0,0,0,0,0,0,0,0,0,0,0,0,0.333333333,0,0,0,0
629,0.333333333,0,0.333333333,0,0,0,0,0,0,0,0,0,0,0,0,0.333333333,0,0,0,0
630,0,0,0.333333333,0,0,0,0,0.333333333,0,0,0,0,0,0,0,0.333333333,0,0,0,0
631,0,0,0.333333333,0,0,0,0,0.333333333,0,0,0,0,0,0,0,0.333333333,0,0,0,0
632,0,0,0,0,0,0,0,0.333333333,0,0.333333333,0,0,0,0,0,0.333333333,0,0,0,0
633,0,0,0,0,0,0,0,0,0,0.666666667,0,0,0,0,0,0.333333333,0,0,0,0
634,0,0,0.333333333,0,0,0,0,0,0,0.666666667,0,0,0,0,0,0,0,0,0,0
635,0.333333333,0,0.333333333,0,0,0,0,0,0,0.333333333,0,0,0,0,0,0,0,0,0,0
636,0.333333333,0,0.333333333,0,0,0,0,0,0,0,0,0,0,0.333333333,0,0,0,0,0,0
637,0.333333333,0,0,0,0,0,0,0,0,0,0,0,0,0.333333333,0,0.333333333,0,0,0,0
638,0.333333333,0,0,0,0,0,0,0,0,0,0,0,0,0.333333333,0,0.333333333,0,0,0,0
639,0.333333333,0,0,0,0,0,0,0,0,0,0,0,0.333333333,0,0,0.333333333,0,0,0,0
640,0.333333333,0,0,0,0,0,0,0,0,0.333333333,0,0,0.333333333,0,0,0,0,0,0,0
641,0,0,0,0,0,0,0,0,0,0.333333333,0,0,0.333333333,0,0.333333333,0,0,0,0,0
642,0,0,0,0,0,0,0,0,0,0.333333333,0,0,0,0,0.333333333,0,0,0.333333333,0,0
643,0,0,0,0.666666667,0,0,0,0,0,0,0,0,0,0,0,0,0,0.333333333,0,0
644,0,0,0,0.666666667,0,0,0,0,0,0.333333333,0,0,0,0,0,0,0,0,0,0
645,0,0,0,0.333333333,0,0,0,0,0.333333333,0.333333333,0,0,0,0,0,0,0,0,0,0
646,0,0,0,0,0,0,0,0,0.333333333,0,0,0,0.333333333,0,0,0,0.333333333,0,0,0
647,0,0,0,0,0,0,0,0,0,0,0,0,0.666666667,0,0,0,0.333333333,0,0,0
648,0,0,0,0.333333333,0,0,0,0,0,0,0,0,0.333333333,0,0,0,0.333333333,0,0,0
649,0,0,0.333333333,0.333333333,0,0.333333333,0,0,0,0,0,0,0,0,0,0,0,0,0,0
650,0,0,0,0,0.333333333,0,0,0,0,0.666666667,0,0,0,0,0,0,0,0,0,0
651,0,0,0,0.333333333,0,0,0,0,0,0,0.333333333,0.333333333,0,0,0,0,0,0,0,0
652,0,0,0,0.333333333,0,0,0,0,0,0,0,0.333333333,0,0,0,0.333333333,0,0,0,0
653,0.333333333,0,0,0,0,0,0,0,0,0,0,0.333333333,0,0,0,0.333333333,0,0,0,0
654,0,0,0.333333333,0,0,0.333333333,0,0,0,0.333333333,0,0,0,0,0,0,0,0,0,0
655,0,0,0.333333333,0.333333333,0,0,0,0,0,0.333333333,0,0,0,0,0,0,0,0,0,0
656,0,0,0,0.333333333,0,0,0,0.333333333,0,0.333333333,0,0,0,0,0,0,0,0,0,0
657,0,0,0,0.333333333,0,0,0,0.333333333,0,0.333333333,0,0,0,0,0,0,0,0,0,0
658,0,0,0,0,0,0,0,0.333333333,0,0.666666667,0,0,0,0,0,0,0,0,0,0
659,0,0,0,0,0,0,0,0,0,0.666666667,0,0,0,0.333333333,0,0,0,0,0,0
660,0,0,0,0,0,0,0,0,0.333333333,0.333333333,0,0,0,0.333333333,0,0,0,0,0,0
661,0.333333333,0,0,0.333333333,0,0,0,0,0,0,0,0,0,0,0,0.333333333,0,0,0,0
662,0.333333333,0,0,0.333333333,0,0,0,0,0,0,0,0,0.333333333,0,0,0,0,0,0,0
663,0,0,0,0.333333333,0,0,0,0,0,0,0,0,0,0.333333333,0,0.333333333,0,0,0,0
664,0,0,0,0,0,0,0,0,0,0.333333333,0,0,0,0.333333333,0,0.333333333,0,0,0,0
665,0,0,0,0.333333333,0,0.333333333,0,0,0,0,0,0.333333333,0,0,0,0,0,0,0,0
666,0,0,0,0.333333333,0,0.333333333,0,0,0,0,0,0.333333333,0,0,0,0,0,0,0,0
667,0.333333333,0,0,0,0,0,0,0,0.333333333,0,0,0,0,0.333333333,0,0,0,0,0,0
668,0,0,0,0,0,0,0,0,0.666666667,0,0,0,0,0.333333333,0,0,0,0,0,0
669,0,0,0,0,0,0,0,0.333333333,0.666666667,0,0,0,0,0,0,0,0,0,0,0
670,0,0,0,0,0,0,0,0.666666667,0.333333333,0,0,0,0,0,0,0,0,0,0,0
671,0.333333333,0,0,0,0,0,0,0.666666667,0,0,0,0,0,0,0,0,0,0,0,0
672,0,0,0,0,0,0,0,0,0,0.333333333,0,0,0,0,0.333333333,0,0,0.333333333,0,0
673,0,0,0,0,0,0,0,0,0,0,0,0,0,0,0.333333333,0,0.333333333,0.333333333,0,0
674,0,0,0,0,0,0,0,0,0,0,0,0,0.333333333,0,0.333333333,0,0.333333333,0,0,0
675,0,0,0,0.333333333,0,0,0,0,0,0,0,0,0.333333333,0,0,0,0,0.333333333,0,0
676,0,0,0.333333333,0.333333333,0,0,0,0,0,0,0,0,0,0,0,0,0,0.333333333,0,0
677,0,0,0.666666667,0,0,0,0,0,0,0,0,0,0,0,0,0,0,0.333333333,0,0
678,0,0,0.666666667,0.333333333,0,0,0,0,0,0,0,0,0,0,0,0,0,0,0,0
679,0.333333333,0,0.333333333,0.333333333,0,0,0,0,0,0,0,0,0,0,0,0,0,0,0,0
680,0.333333333,0,0,0.333333333,0,0,0,0,0,0.333333333,0,0,0,0,0,0,0,0,0,0
681,0.333333333,0,0,0.333333333,0,0,0,0.333333333,0,0,0,0,0,0,0,0,0,0,0,0
682,0.333333333,0,0,0.333333333,0,0,0,0,0.333333333,0,0,0,0,0,0,0,0,0,0,0
683,0,0,0,0.333333333,0,0,0,0,0.333333333,0,0,0,0,0,0,0,0.333333333,0,0,0
684,0,0,0,0,0,0,0,0,0.666666667,0,0,0,0,0,0,0,0.333333333,0,0,0
685,0,0,0,0,0,0,0,0.333333333,0.333333333,0,0,0,0,0,0,0,0.333333333,0,0,0
686,0,0,0,0,0,0,0,0.333333333,0.333333333,0,0,0,0.333333333,0,0,0,0,0,0,0
687,0.333333333,0,0,0,0,0,0,0.333333333,0,0,0,0,0.333333333,0,0,0,0,0,0,0
688,0.333333333,0,0,0,0,0,0,0,0,0,0,0,0.333333333,0,0,0,0,0.333333333,0,0
689,0.333333333,0,0,0,0.333333333,0,0,0,0,0,0,0,0,0,0,0,0,0.333333333,0,0
690,0,0,0,0,0.333333333,0,0,0,0.333333333,0,0,0,0,0,0,0,0,0.333333333,0,0
691,0.333333333,0,0,0.333333333,0,0,0,0,0,0.333333333,0,0,0,0,0,0,0,0,0,0
692,0,0,0,0.333333333,0,0,0,0,0.333333333,0.333333333,0,0,0,0,0,0,0,0,0,0
693,0,0,0,0.333333333,0.333333333,0,0,0,0.333333333,0,0,0,0,0,0,0,0,0,0,0
694,0,0,0.333333333,0,0.333333333,0,0,0,0.333333333,0,0,0,0,0,0,0,0,0,0,0
695,0,0,0.333333333,0,0.333333333,0,0,0,0.333333333,0,0,0,0,0,0,0,0,0,0,0
696,0.333333333,0,0.333333333,0,0,0,0,0,0.333333333,0,0,0,0,0,0,0,0,0,0,0
697,0.333333333,0,0,0,0,0,0,0,0.333333333,0.333333333,0,0,0,0,0,0,0,0,0,0
698,0.333333333,0,0,0,0,0,0,0,0.333333333,0.333333333,0,0,0,0,0,0,0,0,0,0
699,0.333333333,0,0,0,0,0,0,0,0.333333333,0.333333333,0,0,0,0,0,0,0,0,0,0
700,0.333333333,0,0,0,0,0,0,0,0,0.333333333,0,0,0.333333333,0,0,0,0,0,0,0
701,0,0,0,0,0.333333333,0,0,0.333333333,0.333333333,0,0,0,0,0,0,0,0,0,0,0
702,0,0,0.333333333,0,0,0,0,0.333333333,0.333333333,0,0,0,0,0,0,0,0,0,0,0
703,0.333333333,0,0.333333333,0,0,0,0,0.333333333,0,0,0,0,0,0,0,0,0,0,0,0
704,0.333333333,0,0.333333333,0,0,0,0,0,0,0.333333333,0,0,0,0,0,0,0,0,0,0
705,0.333333333,0,0,0,0,0,0,0,0,0.333333333,0,0.333333333,0,0,0,0,0,0,0,0
706,0,0,0,0.333333333,0,0,0,0,0,0.333333333,0,0.333333333,0,0,0,0,0,0,0,0
707,0,0,0,0.333333333,0,0,0,0,0.333333333,0,0,0.333333333,0,0,0,0,0,0,0,0
708,0,0,0,0,0,0,0,0,0.333333333,0,0,0.333333333,0,0,0,0,0,0.333333333,0,0
709,0,0,0,0,0,0,0,0,0.333333333,0.333333333,0,0,0,0,0,0,0,0.333333333,0,0
710,0,0,0,0,0,0,0,0.333333333,0,0.333333333,0,0,0,0,0.333333333,0,0,0,0,0
711,0,0,0,0,0,0,0,0,0,0.333333333,0,0,0,0,0.333333333,0.333333333,0,0,0,0
712,0,0,0,0,0.333333333,0,0,0,0,0.333333333,0,0,0,0,0,0.333333333,0,0,0,0
713,0,0,0,0,0.333333333,0,0,0,0,0,0,0.333333333,0,0,0,0.333333333,0,0,0,0
714,0,0,0,0,0.333333333,0,0,0,0,0,0,0.333333333,0.333333333,0,0,0,0,0,0,0
715,0,0,0,0,0,0,0,0,0,0,0,0.333333333,0.333333333,0,0,0,0.333333333,0,0,0
716,0,0,0,0,0,0,0,0,0,0.333333333,0,0,0,0,0,0,0,0.666666667,0,0
717,0,0,0,0,0,0,0,0,0,0.666666667,0,0,0,0,0,0,0,0.333333333,0,0
718,0,0,0.333333333,0,0,0,0,0,0,0.333333333,0,0,0,0,0,0,0,0.333333333,0,0
719,0,0,0.333333333,0,0,0,0,0,0,0.333333333,0,0,0,0,0,0,0.333333333,0,0,0
720,0,0,0.666666667,0,0,0,0,0,0,0,0,0,0,0,0,0,0.333333333,0,0,0
721,0,0,0,0,0,0,0,0,0,0,0,0,0.333333333,0.333333333,0,0,0.333333333,0,0,0
722,0,0,0,0,0,0,0,0,0,0.333333333,0,0,0,0.333333333,0,0,0.333333333,0,0,0
723,0,0,0,0.333333333,0,0,0,0,0,0.333333333,0,0,0,0.333333333,0,0,0,0,0,0
724,0,0,0,0.666666667,0,0,0,0,0,0.333333333,0,0,0,0,0,0,0,0,0,0
725,0,0,0,0.666666667,0,0,0,0,0,0,0,0,0,0.333333333,0,0,0,0,0,0
726,0.166666667,0,0,0,0.166666667,0,0,0,0,0,0.166666667,0,0.166666667,0,0,0.166666667,0.166666667,0,0,0
727,0.125,0,0.25,0,0,0,0.125,0,0,0,0.125,0,0.125,0,0,0,0.125,0.125,0,0
728,0,0,0,0,0,0,0,0.2,0,0.2,0,0,0.2,0.2,0,0,0,0.2,0,0
729,0.125,0,0.25,0.125,0,0,0,0,0,0.125,0,0,0,0.25,0.125,0,0,0,0,0
730,0.111111111,0,0.222222222,0,0,0,0,0,0.111111111,0,0,0.111111111,0.111111111,0,0,0.111111111,0,0.222222222,0,0
731,0,0,0,0.125,0.125,0,0,0,0.125,0,0,0.125,0.125,0,0.125,0,0.25,0,0,0
732,0,0,0.166666667,0,0,0.166666667,0,0.166666667,0.166666667,0,0,0,0,0.166666667,0,0,0.166666667,0,0,0
733,0,0,0.333333333,0,0,0,0,0.333333333,0,0,0,0,0.333333333,0,0,0,0,0,0,0
734,0,0,0.2,0,0,0,0,0,0,0,0,0,0,0.2,0.2,0,0,0.4,0,0
735,0.142857143,0,0,0,0,0,0,0.142857143,0.142857143,0,0.142857143,0.142857143,0,0,0.142857143,0,0,0.142857143,0,0
736,0.142857143,0,0,0.142857143,0,0,0,0.142857143,0.142857143,0.142857143,0,0,0.142857143,0.142857143,0,0,0,0,0,0
737,0.285714286,0,0,0.142857143,0,0,0,0.142857143,0,0,0,0,0,0,0.285714286,0,0,0,0.142857143,0
738,0.333333333,0,0.333333333,0,0,0,0,0,0,0,0,0,0,0,0,0,0,0.333333333,0,0
739,0,0,0,0,0,0.125,0,0.375,0,0.125,0,0,0,0,0.25,0,0.125,0,0,0
740,0,0,0.333333333,0,0.333333333,0,0,0,0,0.333333333,0,0,0,0,0,0,0,0,0,0
741,0,0.125,0.125,0,0,0.125,0,0,0.125,0.125,0,0,0,0,0.25,0.125,0,0,0,0
742,0,0,0,0,0,0,0,0,0,0,0,0.2,0,0.2,0,0.2,0.4,0,0,0
743,0,0,0,0,0,0,0,0,0,0.333333333,0,0,0,0,0,0.333333333,0.333333333,0,0,0
744,0,0,0,0.2,0,0.2,0,0,0.1,0,0.1,0.1,0,0.1,0,0.2,0,0,0,0
745,0,0,0,0.2,0.066666667,0,0,0.133333333,0.266666667,0.066666667,0,0.066666667,0,0,0,0,0.066666667,0.066666667,0,0.066666667
746,0.125,0,0,0.125,0.125,0.25,0.125,0,0,0,0,0,0,0,0,0.25,0,0,0,0
747,0,0,0,0.1,0.2,0,0,0,0,0.1,0,0.1,0,0.1,0.1,0.2,0,0.1,0,0
748,0,0,0,0.333333333,0,0.333333333,0,0,0,0,0,0,0,0,0,0.333333333,0,0,0,0
749,0,0,0,0.142857143,0.142857143,0.142857143,0,0,0.428571429,0,0,0,0,0.142857143,0,0,0,0,0,0
750,0,0,0,0,0,0,0,0,0,0,0,0,0.5,0,0,0.5,0,0,0,0
751,0,0,0,0.166666667,0.166666667,0.166666667,0,0,0,0.166666667,0,0,0.166666667,0,0,0.166666667,0,0,0,0
752,0,0,0.333333333,0.333333333,0,0,0,0,0,0,0,0,0,0,0.333333333,0,0,0,0,0
753,0.142857143,0.142857143,0.142857143,0,0,0,0,0.142857143,0,0,0,0.142857143,0,0,0,0,0.142857143,0.142857143,0,0
754,0,0,0,0,0,0,0,0.666666667,0,0,0,0,0,0.333333333,0,0,0,0,0,0
755,0,0,0.333333333,0,0,0,0,0,0,0.333333333,0,0,0,0.333333333,0,0,0,0,0,0
756,0,0,0.25,0,0,0,0,0.25,0,0.25,0,0,0,0,0,0.25,0,0,0,0
757,0.333333333,0,0,0,0,0,0,0,0,0,0,0,0,0,0,0.333333333,0,0.333333333,0,0
758,0,0.125,0,0.125,0,0.125,0,0.125,0.125,0,0.125,0.125,0,0,0,0,0.125,0,0,0
759,0.25,0,0,0,0,0,0,0.25,0,0,0,0.25,0,0.25,0,0,0,0,0,0
760,0,0,0,0,0,0,0,0.333333333,0,0,0,0,0,0,0.666666667,0,0,0,0,0
761,0,0,0,0,0,0,0,0.333333333,0,0,0,0,0,0,0,0.333333333,0,0.333333333,0,0
762,0,0,0,0,0,0.2,0,0,0.2,0.2,0,0,0.2,0,0,0,0.2,0,0,0
763,0,0,0,0,0,0,0,0,0,0,0,0.333333333,0,0,0,0.333333333,0,0.333333333,0,0
764,0,0.142857143,0.142857143,0,0.142857143,0,0,0.142857143,0,0.142857143,0,0.142857143,0,0,0,0,0,0.142857143,0,0
765,0,0,0,0,0,0,0,0,0.2,0,0,0.2,0.2,0,0,0,0.2,0,0.2,0
766,0.166666667,0,0,0,0,0,0,0,0.166666667,0,0.166666667,0,0.166666667,0,0.333333333,0,0,0,0,0
767,0.125,0,0.0625,0.0625,0,0,0,0.25,0,0.0625,0.0625,0.0625,0.0625,0.0625,0.0625,0.0625,0,0.0625,0,0
768,0.2,0,0,0,0,0,0,0,0,0.2,0,0.2,0,0,0,0.2,0,0.2,0,0
769,0.666666667,0,0.333333333,0,0,0,0,0,0,0,0,0,0,0,0,0,0,0,0,0
770,0,0,0.125,0.125,0.125,0,0,0,0,0.125,0,0,0,0,0.125,0.25,0.125,0,0,0
771,0,0,0.090909091,0.090909091,0.090909091,0,0,0.181818182,0,0.181818182,0,0,0,0,0.090909091,0.090909091,0,0.090909091,0.090909091,0
772,0.166666667,0,0,0,0,0,0,0,0.166666667,0,0,0,0,0,0.333333333,0,0.166666667,0.166666667,0,0
773,0,0,0,0.666666667,0,0,0,0,0,0,0,0,0,0,0,0.333333333,0,0,0,0
774,0,0,0.2,0,0,0.2,0,0,0,0.2,0,0,0,0,0,0.2,0,0.2,0,0
775,0,0,0,0.5,0.5,0,0,0,0,0,0,0,0,0,0,0,0,0,0,0
776,0,0,0,0,0.5,0,0,0,0,0,0,0.25,0,0,0,0,0,0.25,0,0
777,0,0,0.1,0.1,0,0.2,0,0.2,0,0,0.1,0,0,0.1,0,0.1,0.1,0,0,0
778,0,0,0,0.142857143,0,0,0,0.285714286,0,0.285714286,0.142857143,0,0,0,0.142857143,0,0,0,0,0
779,0.222222222,0,0.111111111,0.111111111,0,0,0,0,0.222222222,0.222222222,0,0,0,0.111111111,0,0,0,0,0,0
780,0,0,0,0.222222222,0,0,0,0.111111111,0,0.111111111,0.111111111,0,0.111111111,0,0,0.222222222,0,0.111111111,0,0
781,0,0,0,0,0,0.333333333,0,0,0,0,0,0,0,0,0,0.333333333,0,0.333333333,0,0
782,0.2,0,0,0,0.2,0,0,0,0,0.2,0,0.2,0,0,0,0,0.2,0,0,0
783,0.333333333,0,0,0,0,0.333333333,0,0,0.333333333,0,0,0,0,0,0,0,0,0,0,0
784,0.285714286,0,0,0,0,0,0,0.142857143,0,0.142857143,0,0,0,0,0.285714286,0.142857143,0,0,0,0
785,0,0,0,0,0,0,0,0.25,0.25,0.25,0,0,0.25,0,0,0,0,0,0,0
786,0,0,0,0,0.333333333,0.333333333,0,0,0.333333333,0,0,0,0,0,0,0,0,0,0,0
787,0,0,0.2,0,0.2,0,0,0,0,0,0,0,0,0,0.2,0.2,0,0.2,0,0
788,0,0,0,0,0,0,0,0.333333333,0,0,0,0,0,0.333333333,0,0,0,0.333333333,0,0
789,0,0,0.2,0,0,0.2,0,0.2,0,0,0,0,0,0,0,0.2,0,0.2,0,0
790,0.142857143,0,0.071428571,0.142857143,0,0.071428571,0,0.071428571,0.214285714,0.071428571,0,0,0,0,0.142857143,0,0.071428571,0,0,0
791,0,0.25,0,0,0,0.25,0,0.25,0,0,0,0,0,0,0,0,0.25,0,0,0
792,0,0,0,0,0,0,0,0.5,0.5,0,0,0,0,0,0,0,0,0,0,0
793,0,0,0,0,0,0.166666667,0,0,0,0,0.166666667,0,0.166666667,0,0.166666667,0.333333333,0,0,0,0
794,0,0,0,0,0,0,0,0.25,0,0.5,0,0,0,0.25,0,0,0,0,0,0
795,0,0,0,0,0,0.2,0,0.2,0,0.4,0,0,0,0,0,0.2,0,0,0,0
796,0,0,0,0.333333333,0,0,0,0.333333333,0,0.333333333,0,0,0,0,0,0,0,0,0,0
797,0,0,0.166666667,0.166666667,0,0,0.166666667,0,0.166666667,0.166666667,0,0,0,0,0,0,0,0.166666667,0,0
798,0.125,0,0,0,0.125,0.125,0,0,0,0.125,0,0,0,0,0.25,0,0.125,0.125,0,0
799,0,0,0,0,0,0.25,0,0.25,0,0.25,0,0.25,0,0,0,0,0,0,0,0
800,0.555555556,0,0,0,0,0,0,0.111111111,0.111111111,0.222222222,0,0,0,0,0,0,0,0,0,0
801,0,0,0,0.25,0,0,0,0.25,0.25,0,0.25,0,0,0,0,0,0,0,0,0
802,0,0,0,0,0.25,0,0,0,0,0,0,0,0,0,0,0,0.5,0,0.25,0
803,0,0.1,0,0,0,0,0,0.4,0,0.1,0,0,0,0.1,0.2,0,0.1,0,0,0
804,0.2,0,0.2,0.4,0,0,0,0,0,0,0,0,0,0,0,0.2,0,0,0,0
805,0,0,0,0.166666667,0.083333333,0.083333333,0,0,0.083333333,0.083333333,0.083333333,0.083333333,0,0.166666667,0,0.083333333,0,0.083333333,0,0
806,0,0,0,0,0,0.5,0,0,0,0,0,0,0,0,0.5,0,0,0,0,0
807,0,0,0,0.333333333,0,0,0,0,0,0,0,0,0,0.333333333,0,0,0,0.333333333,0,0
808,0,0,0,0.1,0,0,0,0,0.1,0.2,0,0,0,0,0,0.2,0,0.4,0,0
809,0.1,0,0,0.3,0.2,0,0,0.1,0,0.2,0,0,0,0.1,0,0,0,0,0,0
810,0,0,0,0,0,0.25,0,0,0,0.5,0.25,0,0,0,0,0,0,0,0,0
811,0,0,0,0,0,0,0,0.333333333,0.666666667,0,0,0,0,0,0,0,0,0,0,0
812,0.333333333,0,0,0,0,0.333333333,0,0,0,0,0,0,0.333333333,0,0,0,0,0,0,0
813,0,0,0,0.166666667,0,0,0,0,0.166666667,0.166666667,0,0,0,0,0,0.166666667,0.333333333,0,0,0
814,0,0,0,0,0,0.125,0.125,0,0.125,0,0,0.125,0,0.125,0.25,0.125,0,0,0,0
815,0,0,0,0,0.166666667,0.333333333,0,0,0,0,0.166666667,0,0,0,0,0.333333333,0,0,0,0
816,0,0,0,0,0,0,0,0,0,0,0,0.333333333,0,0.333333333,0,0,0.333333333,0,0,0
817,0,0,0,0,0,0,0,0,0,0,0,0.333333333,0,0,0,0.333333333,0.333333333,0,0,0
818,0,0,0.333333333,0.333333333,0,0,0,0,0,0,0,0,0,0,0,0,0.333333333,0,0,0
819,0,0,0,0,0,0,0,0,0,0.5,0,0.5,0,0,0,0,0,0,0,0
820,0.333333333,0,0.333333333,0,0,0,0,0,0,0,0,0,0,0,0.333333333,0,0,0,0,0
821,0.058823529,0,0.117647059,0,0.058823529,0,0,0,0.058823529,0.235294118,0,0.117647059,0.117647059,0.058823529,0.058823529,0.058823529,0.058823529,0,0,0
822,0,0,0,0,0,0,0,0.375,0.125,0.125,0,0,0,0,0,0.125,0.125,0,0,0.125
823,0.166666667,0,0,0,0,0.333333333,0,0.166666667,0,0,0,0,0.166666667,0,0,0.166666667,0,0,0,0
824,0,0.166666667,0,0.333333333,0,0,0,0.333333333,0.166666667,0,0,0,0,0,0,0,0,0,0,0
825,0.125,0,0,0,0,0,0.125,0,0.375,0.125,0,0.125,0,0,0.125,0,0,0,0,0
826,0.4,0,0,0,0.2,0,0,0,0.2,0.2,0,0,0,0,0,0,0,0,0,0
827,0.142857143,0,0,0,0,0.142857143,0,0,0.142857143,0.142857143,0,0,0,0,0.142857143,0,0.142857143,0.142857143,0,0
828,0.111111111,0,0,0.111111111,0,0.222222222,0,0.111111111,0.111111111,0,0,0.111111111,0.111111111,0,0,0,0,0.111111111,0,0
829,0.333333333,0,0,0,0,0,0,0.166666667,0,0.166666667,0,0.166666667,0,0,0.166666667,0,0,0,0,0
830,0.25,0,0,0.25,0,0.25,0,0,0.25,0,0,0,0,0,0,0,0,0,0,0
831,0,0,0.142857143,0,0,0,0,0,0.428571429,0,0.142857143,0,0.142857143,0,0,0,0,0.142857143,0,0
832,0.5,0,0,0,0,0,0,0.25,0.25,0,0,0,0,0,0,0,0,0,0,0
833,0.2,0,0,0.133333333,0.133333333,0,0.066666667,0,0,0,0.066666667,0.066666667,0,0.066666667,0,0.133333333,0.066666667,0.066666667,0,0
834,0.285714286,0,0,0.142857143,0,0,0,0,0.142857143,0.142857143,0,0,0,0.142857143,0,0,0,0.142857143,0,0
835,0,0,0,0,0,0,0,0.2,0.2,0,0.2,0.4,0,0,0,0,0,0,0,0
836,0,0,0,0,0,0.5,0,0,0.5,0,0,0,0,0,0,0,0,0,0,0
837,0,0,0.142857143,0.142857143,0,0,0.142857143,0.142857143,0,0,0,0.285714286,0,0,0,0,0,0.142857143,0,0
838,0,0,0,0,0,0,0,0,0.2,0.4,0,0,0,0.4,0,0,0,0,0,0
839,0,0,0,0,0.25,0,0,0,0,0.5,0,0,0,0,0,0.25,0,0,0,0
840,0,0,0.666666667,0,0,0,0,0,0,0.333333333,0,0,0,0,0,0,0,0,0,0
841,0,0,0,0,0,0.166666667,0,0,0,0,0.166666667,0.166666667,0,0,0,0.166666667,0.166666667,0.166666667,0,0
842,0,0,0,0.5,0,0,0,0,0,0.5,0,0,0,0,0,0,0,0,0,0
843,0.066666667,0,0,0.066666667,0.066666667,0,0,0.066666667,0,0.2,0.066666667,0.066666667,0.066666667,0,0.066666667,0.133333333,0,0.066666667,0,0.066666667
844,0,0,0.090909091,0,0,0,0,0.090909091,0,0.181818182,0,0,0.181818182,0,0.090909091,0.090909091,0.181818182,0.090909091,0,0
845,0.1,0,0.1,0.2,0,0,0,0,0,0,0,0.1,0.1,0,0.2,0.1,0.1,0,0,0
846,0.166666667,0,0,0.166666667,0,0,0,0,0,0.166666667,0,0.166666667,0.166666667,0,0.166666667,0,0,0,0,0
847,0,0,0,0,0.1,0.1,0,0,0,0.3,0,0,0.2,0,0.1,0,0.1,0.1,0,0
848,0,0,0,0,0,0.166666667,0,0,0,0,0,0.166666667,0,0.166666667,0,0.333333333,0.166666667,0,0,0
849,0.181818182,0,0,0,0,0.090909091,0,0.090909091,0,0.090909091,0,0.272727273,0,0.090909091,0,0,0.090909091,0,0,0.090909091
850,0,0,0,0,0,0,0,0.2,0,0.2,0,0,0,0.2,0,0.2,0.2,0,0,0
851,0,0,0.142857143,0,0,0.142857143,0,0,0.142857143,0.142857143,0.142857143,0,0,0,0.142857143,0,0,0.142857143,0,0
852,0,0,0,0.5,0,0,0,0,0,0,0,0,0,0,0.5,0,0,0,0,0
853,0.333333333,0,0,0,0,0,0.166666667,0.166666667,0,0.333333333,0,0,0,0,0,0,0,0,0,0
854,0.125,0,0,0,0,0,0,0,0,0,0,0.125,0.125,0,0.125,0.125,0.125,0.25,0,0
855,0,0,0,0,0.5,0,0,0,0,0,0,0,0,0,0,0,0.5,0,0,0
856,0.5,0,0,0,0,0,0,0,0,0,0,0,0,0,0,0.5,0,0,0,0
857,0.333333333,0,0,0,0,0,0,0.333333333,0,0,0,0,0,0.333333333,0,0,0,0,0,0
858,0.142857143,0,0.142857143,0.142857143,0,0,0,0,0,0,0,0,0.285714286,0,0.142857143,0,0,0.142857143,0,0
859,0.153846154,0,0,0,0.153846154,0.076923077,0,0.076923077,0.076923077,0,0,0.076923077,0,0,0.153846154,0.076923077,0.076923077,0.076923077,0,0
860,0,0,0.2,0.2,0,0.2,0,0,0,0,0,0.2,0,0.2,0,0,0,0,0,0
861,0,0,0,0,0,0.5,0,0,0,0.5,0,0,0,0,0,0,0,0,0,0
862,0,0,0.333333333,0,0,0,0,0,0,0.333333333,0,0,0,0.333333333,0,0,0,0,0,0
863,0,0,0,0,0,0,0,0,0,0.3,0.1,0,0.1,0.1,0.2,0.1,0.1,0,0,0
864,0.5,0,0,0,0,0,0,0,0,0,0.5,0,0,0,0,0,0,0,0,0
865,0,0,0.2,0,0.2,0,0,0,0,0,0,0,0.2,0,0.2,0,0.2,0,0,0
866,0.25,0,0.25,0.25,0,0,0,0,0,0.25,0,0,0,0,0,0,0,0,0,0
867,0.333333333,0,0,0,0,0,0,0,0,0,0,0.333333333,0,0.333333333,0,0,0,0,0,0
868,0,0,0.25,0,0,0.25,0,0,0,0.25,0,0,0.25,0,0,0,0,0,0,0
869,0,0,0.090909091,0,0.090909091,0.181818182,0,0.090909091,0.090909091,0.090909091,0,0,0,0,0,0.090909091,0.090909091,0.181818182,0,0
870,0.090909091,0,0.272727273,0,0,0,0,0,0.090909091,0.181818182,0,0.090909091,0.090909091,0.090909091,0,0,0.090909091,0,0,0
871,0,0.25,0,0,0,0,0,0.25,0,0,0,0,0,0,0,0,0,0.5,0,0
872,0.142857143,0,0,0.142857143,0.142857143,0,0,0.142857143,0,0.142857143,0.142857143,0,0.142857143,0,0,0,0,0,0,0
873,0,0,0.166666667,0,0.166666667,0,0,0.166666667,0,0,0,0,0.166666667,0.166666667,0,0,0,0.166666667,0,0
874,0,0.5,0,0,0,0,0,0,0,0,0,0,0,0,0,0,0.5,0,0,0
875,0,0,0.125,0.125,0,0.125,0,0.125,0,0.125,0,0.125,0.125,0,0,0,0.125,0,0,0
876,0.25,0,0.25,0,0,0,0,0,0,0,0,0,0,0.25,0,0.25,0,0,0,0
